2025-06-30 08:13:18 [ERROR]: POST /auth/regis: 
Invalid `prisma.account.create()` invocation in
/Users/macbook/Documents/NGODING/modul-purwadhika-main/03 MODUL 3 BACK END/MINI PROJECT/BE-MINI-PROJECT/src/controllers/account.controller.ts:25:53

  22     throw new AppError("Email already registered:", 400);
  23 }
  24 
→ 25 const newAccount = await prisma.account.create({
       data: {
         user_name: "towef12",
         email: "towef74691@kimdyn.com",
         password: "$2b$10$Xvv6EFYllMvuUz.GurlVk.guZCjpdxW9eYx2smVAImyFqSWU9.ju6",
         role: "CUSTOMER",
         isVerified: false,
     +   username: String
       }
     })

Argument `username` is missing. {"name":"PrismaClientValidationError","clientVersion":"6.10.1"}
2025-06-30 08:13:49 [ERROR]: POST /auth/regis: 
Invalid `prisma.account.create()` invocation in
/Users/macbook/Documents/NGODING/modul-purwadhika-main/03 MODUL 3 BACK END/MINI PROJECT/BE-MINI-PROJECT/src/controllers/account.controller.ts:25:53

  22     throw new AppError("Email already registered:", 400);
  23 }
  24 
→ 25 const newAccount = await prisma.account.create({
       data: {
         user_name: "towef",
         email: "towef74691@kimdyn.com",
         password: "$2b$10$1sXziYcm0bFpJ3TjKtXH/eS/PT73c3dr98hKy9CVWy1PFu6sr8fce",
         role: "CUSTOMER",
         isVerified: false,
     +   username: String
       }
     })

Argument `username` is missing. {"name":"PrismaClientValidationError","clientVersion":"6.10.1"}
2025-06-30 10:44:51 [ERROR]: POST /auth/regis: 
Invalid `prisma.account.create()` invocation in
/Users/macbook/Documents/NGODING/modul-purwadhika-main/03 MODUL 3 BACK END/MINI PROJECT/BE-MINI-PROJECT/src/controllers/account.controller.ts:27:53

  24     throw new AppError("Email already registered:", 400);
  25 }
  26 
→ 27 const newAccount = await prisma.account.create({
       data: {
         user_name: "towef",
         email: "towef74691@kimdyn.com",
         password: "$2b$10$o4Xk0GzkwBAlPr5oHI9sdOGOD2us5WoVfZhbIa8yja9JjkVOm/wmC",
         role: "CUSTOMER",
         isVerified: false,
     +   username: String
       }
     })

Argument `username` is missing. {"name":"PrismaClientValidationError","clientVersion":"6.10.1"}
2025-06-30 10:46:05 [ERROR]: POST /auth/regis: 
Invalid `prisma.account.create()` invocation in
/Users/macbook/Documents/NGODING/modul-purwadhika-main/03 MODUL 3 BACK END/MINI PROJECT/BE-MINI-PROJECT/src/controllers/account.controller.ts:27:53

  24     throw new AppError("Email already registered:", 400);
  25 }
  26 
→ 27 const newAccount = await prisma.account.create({
       data: {
         user_name: "anes",
         email: "anes@mail.com",
         password: "$2b$10$XkFOqkUPxUGHhNUbKh1.VO36SRvYTUhZ7WFl4BMt5vh1zUU80A63m",
         role: "CUSTOMER",
         isVerified: false,
     +   username: String
       }
     })

Argument `username` is missing. {"name":"PrismaClientValidationError","clientVersion":"6.10.1"}
2025-06-30 10:54:32 [ERROR]: POST /auth/regis: 
Invalid `prisma.account.create()` invocation in
/Users/macbook/Documents/NGODING/modul-purwadhika-main/03 MODUL 3 BACK END/MINI PROJECT/BE-MINI-PROJECT/src/controllers/account.controller.ts:26:53

  23     throw new AppError("Email already registered:", 400);
  24 }
  25 
→ 26 const newAccount = await prisma.account.create({
       data: {
         email: "anes@mail.com",
         password: "$2b$10$/bOkrBOEGtUaXMVd4uI3yuMazJ.CcmhDysJGcyIL965xPygG1eg..",
         role: "CUSTOMER",
     +   username: String
       }
     })

Argument `username` is missing. {"name":"PrismaClientValidationError","clientVersion":"6.10.1"}
2025-06-30 10:55:30 [ERROR]: POST /auth/regis: 
Invalid `prisma.account.create()` invocation in
/Users/macbook/Documents/NGODING/modul-purwadhika-main/03 MODUL 3 BACK END/MINI PROJECT/BE-MINI-PROJECT/src/controllers/account.controller.ts:26:53

  23     throw new AppError("Email already registered:", 400);
  24 }
  25 
→ 26 const newAccount = await prisma.account.create({
       data: {
         email: "anes@mail.com",
         password: "$2b$10$qPEgIH5Tl2D/CFPdeMl7.ONK0dJGW5YzqkrouafgHr3h.f19hZDwC",
         role: "event organizer",
     +   username: String
       }
     })

Argument `username` is missing. {"name":"PrismaClientValidationError","clientVersion":"6.10.1"}
2025-06-30 11:00:48 [ERROR]: POST /auth/regis: 
Invalid `prisma.account.create()` invocation in
/Users/macbook/Documents/NGODING/modul-purwadhika-main/03 MODUL 3 BACK END/MINI PROJECT/BE-MINI-PROJECT/src/controllers/account.controller.ts:26:53

  23     throw new AppError("Email already registered:", 400);
  24 }
  25 
→ 26 const newAccount = await prisma.account.create({
       data: {
         username: "anes12",
         email: "anes.putro@mail.com",
         password: "$2b$10$8jjRHCWLVnwXN2YThPaRP.At0rBLb.4AxOcnmKXUQp4qncjPgm1R2",
         role: "event organizer"
               ~~~~~~~~~~~~~~~~~
       }
     })

Invalid value for argument `role`. Expected UserRole. {"name":"PrismaClientValidationError","clientVersion":"6.10.1"}
2025-06-30 11:02:45 [ERROR]: POST /auth/regis: Email already registered: {"statusCode":400,"success":false,"message":"Email already registered:"}
2025-06-30 11:29:24 [ERROR]: POST /auth/regis: Email already registered: {"statusCode":400,"success":false,"message":"Email already registered:"}
2025-06-30 15:09:28 [ERROR]: POST /auth/login: 
Invalid `prisma.account.findUnique()` invocation in
/Users/macbook/Documents/NGODING/modul-purwadhika-main/03 MODUL 3 BACK END/MINI PROJECT/BE-MINI-PROJECT/src/controllers/auth.controller.ts:140:51

  137     next: NextFunction,
  138 ): Promise<void> {
  139     try {
→ 140         const findUser = await prisma.account.findUnique(
Timed out fetching a new connection from the connection pool. More info: http://pris.ly/d/connection-pool (Current connection pool timeout: 10, connection limit: 23) {"code":"P2024","meta":{"modelName":"Account","connection_limit":23,"timeout":10},"clientVersion":"6.10.1","name":"PrismaClientKnownRequestError"}
2025-06-30 15:09:59 [ERROR]: POST /auth/login: Please verify your email {"statusCode":403,"success":false,"message":"Please verify your email"}
2025-07-01 14:58:20 [ERROR]: POST /auth/regis: 
Invalid `prisma.account.create()` invocation in
/Users/macbook/Documents/NGODING/modul-purwadhika-main/03 MODUL 3 BACK END/MINI PROJECT/BE-MINI-PROJECT/src/repositories/account.repositori.ts:29:27

  26 
  27 export const createAccountByEmail = async (
  28     data: CreateAccountInput) => {
→ 29     return prisma.account.create({
           data: {
             username: "cola12",
             email: "colap89152@kimdyn.com",
             password: "$2b$10$BrjIQVNoNxWJ7x4RdvoQHO0WtkhZenhdXBH3ac/U0QDnZTX/rSo3W",
             role: "ORGANIZER",
             isVeriefied: false,
             ~~~~~~~~~~~
             referall_code: "cola12-lw9dzw",
             referred_by: null,
         ?   isVerified?: Boolean,
         ?   ImgProfile?: String | Null,
         ?   createdAt?: DateTime,
         ?   updatedAt?: DateTime,
         ?   emailVerification?: EmailVerificationCreateNestedManyWithoutAccountInput
           }
         })

Unknown argument `isVeriefied`. Did you mean `isVerified`? Available options are marked with ?. {"name":"PrismaClientValidationError","clientVersion":"6.10.1"}
2025-07-01 14:58:57 [ERROR]: POST /auth/regis: 
Invalid `prisma.account.create()` invocation in
/Users/macbook/Documents/NGODING/modul-purwadhika-main/03 MODUL 3 BACK END/MINI PROJECT/BE-MINI-PROJECT/src/repositories/account.repositori.ts:29:27

  26 
  27 export const createAccountByEmail = async (
  28     data: CreateAccountInput) => {
→ 29     return prisma.account.create({
           data: {
             username: "cola12",
             email: "colap89152@kimdyn.com",
             password: "$2b$10$ybqeYM61cpW80Zm1s9.EtOuDwtTgQAO8L26WoNQL36Rw1Nglw1NL2",
             role: "ORGANIZER",
             isVeriefied: false,
             ~~~~~~~~~~~
             referall_code: "cola12-jdyzw5",
             referred_by: null,
         ?   isVerified?: Boolean,
         ?   ImgProfile?: String | Null,
         ?   createdAt?: DateTime,
         ?   updatedAt?: DateTime,
         ?   emailVerification?: EmailVerificationCreateNestedManyWithoutAccountInput
           }
         })

Unknown argument `isVeriefied`. Did you mean `isVerified`? Available options are marked with ?. {"name":"PrismaClientValidationError","clientVersion":"6.10.1"}
2025-07-01 16:31:29 [INFO]: Token:
2025-07-01 16:31:29 [ERROR]: GET /auth/verify/17514516b251b04160cdf9c4af262fc7cdd3b7588b175569: Token is missing {"statusCode":404,"success":false,"message":"Token is missing"}
2025-07-01 16:41:23 [ERROR]: GET /auth/verify/17514516b251b04160cdf9c4af262fc7cdd3b7588b175569: Invalid or expired token {"statusCode":404,"success":false,"message":"Invalid or expired token"}
2025-07-01 17:52:03 [ERROR]: GET /auth/verify/17514516b251b04160cdf9c4af262fc7cdd3b7588b175569: Invalid or expired token {"statusCode":404,"success":false,"message":"Invalid or expired token"}
2025-07-01 17:52:32 [ERROR]: POST /auth/login: Email not verify, please verify first {"statusCode":401,"success":false,"message":"Email not verify, please verify first"}
2025-07-01 17:52:41 [ERROR]: GET /auth/verify/17514516b251b04160cdf9c4af262fc7cdd3b7588b175569: Invalid or expired token {"statusCode":404,"success":false,"message":"Invalid or expired token"}
2025-07-03 18:16:38 [INFO]: Token:
2025-07-03 18:16:38 [ERROR]: PATCH /auth/profile-img/: Token is missing {"statusCode":404,"success":false,"message":"Token is missing"}
2025-07-03 18:17:12 [INFO]: Token:
2025-07-03 18:17:12 [ERROR]: PATCH /auth/profile-img/: No file exist {"statusCode":400,"success":false,"message":"No file exist"}
2025-07-03 18:17:16 [INFO]: Token:
2025-07-03 18:17:16 [ERROR]: PATCH /auth/profile-img/: No file exist {"statusCode":400,"success":false,"message":"No file exist"}
2025-07-03 18:19:11 [INFO]: Token:
2025-07-03 18:19:11 [ERROR]: PATCH /auth/profile-img: No file exist {"statusCode":400,"success":false,"message":"No file exist"}
2025-07-03 18:21:04 [INFO]: Token:
2025-07-03 18:21:04 [ERROR]: PATCH /auth/profile-img: No file exist {"statusCode":400,"success":false,"message":"No file exist"}
2025-07-03 18:23:37 [INFO]: Token:
2025-07-03 18:23:37 [ERROR]: PATCH /auth/profile-img: No file exist {"statusCode":400,"success":false,"message":"No file exist"}
2025-07-03 18:24:15 [INFO]: Token:
2025-07-03 18:24:17 [ERROR]: PATCH /auth/profile-img: Cannot read properties of undefined (reading 'id') {}
2025-07-03 18:26:03 [INFO]: Token:
2025-07-03 18:26:05 [ERROR]: PATCH /auth/profile-img: Cannot read properties of undefined (reading 'id') {}
2025-07-03 18:26:44 [INFO]: Token:
2025-07-03 18:26:46 [ERROR]: PATCH /auth/profile-img: Cannot read properties of undefined (reading 'id') {}
2025-07-03 18:29:41 [INFO]: Token:
2025-07-03 18:29:43 [ERROR]: PATCH /auth/profile-img: Cannot read properties of undefined (reading 'id') {}
2025-07-03 18:35:26 [INFO]: Token:
2025-07-03 18:35:28 [ERROR]: PATCH /auth/profile-img: Cannot read properties of undefined (reading 'id') {}
2025-07-03 18:36:34 [INFO]: Token:
2025-07-03 18:36:36 [ERROR]: PATCH /auth/profile-img: Cannot read properties of undefined (reading 'id') {}
2025-07-03 18:39:18 [INFO]: Token:
2025-07-03 18:39:20 [ERROR]: PATCH /auth/profile-img: Cannot read properties of undefined (reading 'id') {}
2025-07-03 18:53:46 [INFO]: Token:
2025-07-03 18:53:46 [ERROR]: PATCH /auth/profile-img: Cannot read properties of undefined (reading 'id') {}
2025-07-03 18:54:10 [INFO]: Token:
2025-07-03 18:54:10 [ERROR]: PATCH /auth/profile-img: Cannot read properties of undefined (reading 'id') {}
2025-07-03 18:57:39 [INFO]: Token:
2025-07-03 18:57:39 [ERROR]: PATCH /auth/profile-img: Cannot read properties of undefined (reading 'id') {}
2025-07-03 18:59:57 [INFO]: Token:
2025-07-03 18:59:57 [ERROR]: PATCH /auth/profile-img: Cannot read properties of undefined (reading 'id') {}
2025-07-03 19:06:25 [INFO]: Token:
2025-07-03 19:06:25 [ERROR]: PATCH /auth/profile-img: Cannot read properties of undefined (reading 'id') {}
2025-07-03 19:06:42 [INFO]: Token:
2025-07-03 19:06:42 [ERROR]: PATCH /auth/profile-img: Cannot read properties of undefined (reading 'id') {}
2025-07-03 19:06:44 [INFO]: Token:
2025-07-03 19:06:44 [ERROR]: PATCH /auth/profile-img: Cannot read properties of undefined (reading 'id') {}
2025-07-03 19:08:23 [INFO]: Token:
2025-07-03 19:08:23 [ERROR]: PATCH /auth/profile-img: Cannot read properties of undefined (reading 'id') {}
2025-07-03 19:10:47 [INFO]: Token:
2025-07-03 19:10:47 [ERROR]: PATCH /auth/profile-img: Cannot read properties of undefined (reading 'id') {}
2025-07-03 19:11:22 [INFO]: Token:
2025-07-03 19:11:22 [ERROR]: PATCH /auth/profile-img/: Cannot read properties of undefined (reading 'id') {}
2025-07-03 19:14:45 [INFO]: Token:
2025-07-03 19:14:45 [ERROR]: PATCH /auth/profile-img/: Cannot read properties of undefined (reading 'id') {}
2025-07-03 19:17:19 [INFO]: Token:
2025-07-03 21:18:54 [INFO]: Token:
2025-07-03 21:18:54 [ERROR]: PATCH /auth/update/: Cannot read properties of undefined (reading 'id') {}
2025-07-03 21:20:33 [INFO]: Token:
2025-07-03 21:20:33 [ERROR]: PATCH /auth/update/: Cannot read properties of undefined (reading 'id') {}
2025-07-03 21:21:23 [INFO]: Token:
2025-07-03 21:21:23 [ERROR]: PATCH /auth/update/: Cannot read properties of undefined (reading 'id') {}
2025-07-03 21:23:09 [INFO]: Token:
2025-07-03 21:23:09 [ERROR]: PATCH /auth/update/: Cannot read properties of undefined (reading 'id') {}
2025-07-03 21:27:31 [INFO]: Token:
2025-07-03 21:27:31 [ERROR]: PATCH /auth/update/: Cannot read properties of undefined (reading 'id') {}
2025-07-03 21:30:21 [INFO]: Token:
2025-07-03 21:30:21 [ERROR]: PATCH /auth/update/: Cannot read properties of undefined (reading 'id') {}
2025-07-03 21:32:00 [INFO]: Token:
2025-07-03 21:32:00 [ERROR]: PATCH /auth/update/: Cannot read properties of undefined (reading 'id') {}
2025-07-04 11:29:29 [INFO]: Token:
2025-07-04 11:29:29 [ERROR]: PATCH /auth/update/: Cannot read properties of undefined (reading 'id') {}
2025-07-04 11:29:49 [INFO]: Token:
2025-07-04 11:29:49 [ERROR]: PATCH /auth/update/: Cannot read properties of undefined (reading 'id') {}
2025-07-05 09:14:29 [INFO]: Token:
2025-07-05 09:14:29 [ERROR]: PATCH /auth/update/: Cannot read properties of undefined (reading 'id') {}
2025-07-05 09:15:29 [INFO]: Token:
2025-07-05 09:15:29 [ERROR]: PATCH /auth/update/: Cannot read properties of undefined (reading 'id') {}
2025-07-05 09:19:35 [INFO]: Token:
2025-07-05 09:19:35 [ERROR]: PATCH /auth/update/: Cannot read properties of undefined (reading 'id') {}
2025-07-06 07:53:31 [INFO]: Token:
2025-07-06 07:53:31 [ERROR]: PATCH /auth/update/: Cannot read properties of undefined (reading 'id') {}
2025-07-06 07:54:00 [INFO]: Token:
2025-07-06 07:54:00 [ERROR]: PATCH /auth/update/: Cannot read properties of undefined (reading 'id') {}
2025-07-06 08:11:47 [INFO]: Token:
2025-07-06 08:11:47 [ERROR]: PATCH /auth/update/: Cannot read properties of undefined (reading 'id') {}
2025-07-06 08:33:29 [INFO]: Token:
2025-07-06 08:33:33 [ERROR]: PATCH /auth/update/: data and hash arguments required {}
2025-07-06 08:33:59 [INFO]: Token:
2025-07-06 08:34:00 [ERROR]: PATCH /auth/update/: data and hash arguments required {}
2025-07-06 08:54:52 [INFO]: Token:
2025-07-06 08:54:53 [ERROR]: PATCH /auth/update/: Old and new passwords must be filled in. {"statusCode":400,"success":false,"message":"Old and new passwords must be filled in."}
2025-07-06 08:56:03 [INFO]: Token:
2025-07-06 15:40:09 [ERROR]: POST /auth/login: Password is wrong {"statusCode":401,"success":false,"message":"Password is wrong"}
2025-07-06 16:23:43 [INFO]: Token:
2025-07-06 16:23:43 [ERROR]: POST /auth/reset-password-request/: Token is missing {"statusCode":404,"success":false,"message":"Token is missing"}
2025-07-06 16:24:38 [INFO]: Token:
2025-07-06 16:26:12 [ERROR]: POST /auth/login: Password is wrong {"statusCode":401,"success":false,"message":"Password is wrong"}
2025-07-06 16:26:32 [INFO]: Token:
2025-07-06 16:26:42 [INFO]: Token:
2025-07-06 16:26:43 [ERROR]: POST /auth/reset-password-request/: Account do not exist {"statusCode":400,"success":false,"message":"Account do not exist"}
2025-07-06 16:27:13 [INFO]: Token:
2025-07-06 16:27:39 [ERROR]: GET /auth/verify/d4cf0209f4d7935ecb21d70c3882eeb2ec277384c5180877: Invalid or expired token {"statusCode":404,"success":false,"message":"Invalid or expired token"}
2025-07-06 16:36:07 [INFO]: Token:
2025-07-06 16:36:24 [ERROR]: GET /auth/verify/0727b73b27777547783985934007a9d2d1cd3383efcc1839: Invalid or expired token {"statusCode":404,"success":false,"message":"Invalid or expired token"}
2025-07-06 16:50:27 [INFO]: Token:
2025-07-06 16:51:01 [ERROR]: GET /auth/verify/0d9fa3a256278001186639ceff0c2f63563860e47792ccf1: Invalid or expired token {"statusCode":404,"success":false,"message":"Invalid or expired token"}
2025-07-06 17:25:29 [INFO]: Token:
2025-07-06 17:25:43 [INFO]: Token:
2025-07-06 17:25:43 [ERROR]: POST /auth/reset-password-request/: Token is missing {"statusCode":404,"success":false,"message":"Token is missing"}
2025-07-06 17:26:07 [ERROR]: GET /auth/verify/6f291a7efcaaa8ea5735ae7299aa6669273c64c26bc0b93f: Invalid or expired token {"statusCode":404,"success":false,"message":"Invalid or expired token"}
2025-07-06 17:26:36 [INFO]: Token:
2025-07-06 17:26:36 [ERROR]: POST /auth/reset-password-request/: Token is missing {"statusCode":404,"success":false,"message":"Token is missing"}
2025-07-06 17:26:38 [INFO]: Token:
2025-07-06 17:26:38 [ERROR]: POST /auth/reset-password-request/: Token is missing {"statusCode":404,"success":false,"message":"Token is missing"}
2025-07-06 17:28:51 [INFO]: Token:
2025-07-06 17:28:51 [ERROR]: POST /auth/reset-password-request/: Token is missing {"statusCode":404,"success":false,"message":"Token is missing"}
2025-07-06 17:28:54 [INFO]: Token:
2025-07-06 17:28:54 [ERROR]: POST /auth/reset-password-request/: Token is missing {"statusCode":404,"success":false,"message":"Token is missing"}
2025-07-06 17:29:56 [INFO]: Token:
2025-07-06 17:30:18 [ERROR]: GET /auth/verify/678710de78449305c5f6ba452de9130b5d882ca7d0cb6aa9: Invalid or expired token {"statusCode":404,"success":false,"message":"Invalid or expired token"}
2025-07-06 17:32:56 [ERROR]: GET /auth/verify/678710de78449305c5f6ba452de9130b5d882ca7d0cb6aa9: Invalid or expired token {"statusCode":404,"success":false,"message":"Invalid or expired token"}
2025-07-06 17:36:37 [ERROR]: GET /auth/verify/678710de78449305c5f6ba452de9130b5d882ca7d0cb6aa9: Invalid or expired token {"statusCode":404,"success":false,"message":"Invalid or expired token"}
2025-07-06 17:49:57 [ERROR]: GET /auth/verify/678710de78449305c5f6ba452de9130b5d882ca7d0cb6aa9: Invalid or expired token {"statusCode":404,"success":false,"message":"Invalid or expired token"}
2025-07-06 17:52:05 [ERROR]: GET /auth/verify/678710de78449305c5f6ba452de9130b5d882ca7d0cb6aa9: Invalid or expired token {"statusCode":404,"success":false,"message":"Invalid or expired token"}
2025-07-06 17:53:55 [INFO]: Token:
2025-07-06 17:54:52 [ERROR]: GET /auth/verify/536d7335e3d72b57ead20e3ce118737569d47a6a4bb1776f: Invalid or expired token {"statusCode":404,"success":false,"message":"Invalid or expired token"}
2025-07-06 17:57:44 [INFO]: Token:
2025-07-06 17:57:46 [ERROR]: POST /auth/reset-password/: 
Invalid `prisma.passwordReset.findUnique()` invocation in
/Users/macbook/Documents/NGODING/modul-purwadhika-main/03 MODUL 3 BACK END/MINI PROJECT/BE-MINI-PROJECT/src/repositories/account.repositori.ts:94:33

  91 }
  92 
  93 export const findResetToken = async (token: string) => {
→ 94     return prisma.passwordReset.findUnique({
           where: {
             token: undefined,
         ?   id?: Int,
         ?   AND?: PasswordResetWhereInput | PasswordResetWhereInput[],
         ?   OR?: PasswordResetWhereInput[],
         ?   NOT?: PasswordResetWhereInput | PasswordResetWhereInput[],
         ?   email?: StringFilter | String,
         ?   expiresAt?: DateTimeFilter | DateTime,
         ?   createdAt?: DateTimeFilter | DateTime
           }
         })

Argument `where` of type PasswordResetWhereUniqueInput needs at least one of `id` or `token` arguments. Available options are marked with ?. {"name":"PrismaClientValidationError","clientVersion":"6.10.1"}
2025-07-06 17:58:52 [INFO]: Token:
2025-07-06 18:03:10 [INFO]: Token:
2025-07-06 18:04:14 [INFO]: Token:
2025-07-06 18:07:37 [INFO]: Token:
2025-07-06 18:07:58 [INFO]: Token:
2025-07-06 18:51:10 [ERROR]: GET /auth/verify/982e0a72e6f2cbd9ffbabc4b65518073cf096310d61e4dd6: Invalid or expired token {"statusCode":404,"success":false,"message":"Invalid or expired token"}
2025-07-06 18:55:42 [ERROR]: GET /auth/verify/be864a98846d625b5173c70b98eadf2dd84599fa46d63c43: Invalid or expired token {"statusCode":404,"success":false,"message":"Invalid or expired token"}
2025-07-06 19:13:58 [ERROR]: GET /auth/verify/e4103785da6de3be9f6bb8b81435f24d3028e8ac5b8edf3a: Invalid or expired token {"statusCode":404,"success":false,"message":"Invalid or expired token"}
2025-07-06 19:52:40 [ERROR]: POST /auth/login: Email not verify, please verify first {"statusCode":401,"success":false,"message":"Email not verify, please verify first"}
2025-07-06 19:53:26 [ERROR]: POST /auth/login: Password is wrong {"statusCode":401,"success":false,"message":"Password is wrong"}
2025-07-06 19:53:36 [ERROR]: POST /auth/regis: User already exist {"statusCode":400,"success":false,"message":"User already exist"}
2025-07-07 07:09:20 [ERROR]: POST /auth/login: Email not registered {"statusCode":404,"success":false,"message":"Email not registered"}
2025-07-07 07:09:37 [ERROR]: POST /auth/regis: 
Invalid `prisma.account.create()` invocation in
/Users/macbook/Documents/NGODING/modul-purwadhika-main/03 MODUL 3 BACK END/MINI PROJECT/BE-MINI-PROJECT/src/repositories/account.repositori.ts:29:27

  26 
  27 export const createAccountByEmail = async (
  28     data: CreateAccountInput) => {
→ 29     return prisma.account.create(
Unique constraint failed on the fields: (`username`) {"code":"P2002","meta":{"modelName":"Account","target":["username"]},"clientVersion":"6.10.1","name":"PrismaClientKnownRequestError"}
2025-07-07 07:18:46 [INFO]: Token:
2025-07-07 07:18:46 [ERROR]: POST /dashboard/create-event: Token is missing {"statusCode":404,"success":false,"message":"Token is missing"}
2025-07-07 07:19:15 [INFO]: Token:
2025-07-07 07:19:42 [INFO]: Token:
2025-07-07 07:21:06 [INFO]: Token:
2025-07-07 07:27:37 [INFO]: Token:
2025-07-07 07:31:20 [INFO]: Token:
2025-07-07 07:31:55 [INFO]: Token:
2025-07-07 07:32:06 [INFO]: Token:
2025-07-07 07:32:25 [INFO]: Token:
2025-07-07 07:33:40 [INFO]: Token:
2025-07-07 07:35:36 [INFO]: Token:
2025-07-07 07:35:39 [INFO]: Token:
2025-07-07 07:43:32 [INFO]: Token:
2025-07-07 07:44:44 [ERROR]: POST /auth/login: Password is wrong {"statusCode":401,"success":false,"message":"Password is wrong"}
2025-07-07 07:45:04 [INFO]: Token:
2025-07-07 07:45:19 [INFO]: Token:
2025-07-07 18:09:21 [ERROR]: POST /auth/regis: User already exist {"statusCode":400,"success":false,"message":"User already exist"}
2025-07-07 18:09:40 [ERROR]: POST /auth/login: Expected double-quoted property name in JSON at position 96 (line 5 column 1) {"expose":true,"statusCode":400,"status":400,"body":"{\n    \"username\":\"fanaxo4654\",\n    \"email\":\"fanaxo4654@iamtile.com\",\n    \"password\":\"Kevin123\",\n}","type":"entity.parse.failed"}
2025-07-07 18:09:47 [ERROR]: POST /auth/login: Email not verify, please verify first {"statusCode":401,"success":false,"message":"Email not verify, please verify first"}
2025-07-07 18:23:40 [ERROR]: POST /auth/login: Expected double-quoted property name in JSON at position 93 (line 5 column 1) {"expose":true,"statusCode":400,"status":400,"body":"{\n    \"username\":\"mixap48\",\n    \"email\":\"mixap48248@iamtile.com\",\n    \"password\":\"Kevin123\",\n}","type":"entity.parse.failed"}
2025-07-07 18:53:50 [ERROR]: POST /auth/regis: User already exist {"statusCode":400,"success":false,"message":"User already exist"}
2025-07-07 18:59:37 [INFO]: Token:
2025-07-07 19:02:14 [ERROR]: POST /auth/login: Expected double-quoted property name in JSON at position 93 (line 5 column 1) {"expose":true,"statusCode":400,"status":400,"body":"{\n  \"username\": \"deveb49778\",\n  \"email\": \"deveb49778@iamtile.com\",\n  \"password\": \"Kevin123\",\n}","type":"entity.parse.failed"}
2025-07-07 19:02:37 [INFO]: Token:
2025-07-07 19:34:08 [INFO]: Token:
2025-07-07 19:34:08 [ERROR]: POST /dashboard/create-event: 
Invalid `prisma.event.create()` invocation in
/Users/kjoshhh/Desktop/Desktop/Design/Purwadhika/JCWDOL/EVENT_MINIPROJECT/BE-MINI-PROJECTS/src/repositories/dashboardEvent.repository.ts:36:25

  33 export const createEvent = async (input: CreateEventDTO) => {
  34     const { organizerId, title, description, seatQuota, thumbnail, tickets } = input;
  35 
→ 36     return prisma.event.create({
           data: {
             organizerId: 16,
             title: "Coldplay Charity Concert",
             description: "An amazing time to be ALIVE",
             thumbnail: "https://example.com/concert.jpg",
             tickets: {
               create: [
                 {
                   name: "Regular",
                   price: 5000000,
                   quota: 300
                 },
                 {
                   name: "VIP",
                   price: 150000000,
                   quota: 50
                 }
               ]
             },
         +   availableSeat: Int
           },
           include: {
             tickets: true
           }
         })

Argument `availableSeat` is missing. {"name":"PrismaClientValidationError","clientVersion":"6.10.1"}
2025-07-07 19:34:45 [INFO]: Token:
2025-07-07 19:34:47 [ERROR]: POST /dashboard/create-event: 
Invalid `prisma.event.create()` invocation in
/Users/kjoshhh/Desktop/Desktop/Design/Purwadhika/JCWDOL/EVENT_MINIPROJECT/BE-MINI-PROJECTS/src/repositories/dashboardEvent.repository.ts:36:25

  33 export const createEvent = async (input: CreateEventDTO) => {
  34     const { organizerId, title, description, seatQuota, thumbnail, tickets } = input;
  35 
→ 36     return prisma.event.create({
           data: {
             organizerId: 16,
             title: "Coldplay Charity Concert",
             description: "An amazing time to be ALIVE",
             thumbnail: "https://example.com/concert.jpg",
             tickets: {
               create: [
                 {
                   name: "Regular",
                   price: 5000000,
                   quota: 300
                 },
                 {
                   name: "VIP",
                   price: 150000000,
                   quota: 50
                 }
               ]
             },
         +   availableSeat: Int
           },
           include: {
             tickets: true
           }
         })

Argument `availableSeat` is missing. {"name":"PrismaClientValidationError","clientVersion":"6.10.1"}
2025-07-07 19:46:59 [INFO]: Token:
2025-07-07 20:26:25 [INFO]: Token:
2025-07-07 20:26:29 [ERROR]: POST /dashboard/create-event: 
Invalid `prisma.event.create()` invocation in
/Users/kjoshhh/Desktop/Desktop/Design/Purwadhika/JCWDOL/EVENT_MINIPROJECT/BE-MINI-PROJECTS/src/repositories/dashboardEvent.repository.ts:39:25

  36 export const createEvent = async (input: CreateEventDTO) => {
  37     const { organizerId, title, description, thumbnail, category, salesStart, salesEnd, tickets } = input;
  38 
→ 39     return prisma.event.create(
Error occurred during query execution:
ConnectorError(ConnectorError { user_facing_error: None, kind: QueryError(PostgresError { code: "22P02", message: "invalid input value for enum \"EventCategory\": \"DEFAULT\"", severity: "ERROR", detail: None, column: None, hint: None }), transient: false }) {"clientVersion":"6.10.1","name":"PrismaClientUnknownRequestError"}
2025-07-07 20:29:20 [INFO]: Token:
2025-07-07 20:29:20 [ERROR]: POST /dashboard/create-event: 
Invalid `prisma.event.create()` invocation in
/Users/kjoshhh/Desktop/Desktop/Design/Purwadhika/JCWDOL/EVENT_MINIPROJECT/BE-MINI-PROJECTS/src/repositories/dashboardEvent.repository.ts:39:25

  36 export const createEvent = async (input: CreateEventDTO) => {
  37     const { organizerId, title, description, thumbnail, category, salesStart, salesEnd, tickets } = input;
  38 
→ 39     return prisma.event.create({
           data: {
             organizerId: 16,
             title: "Chemical Romance",
             description: "Bring Back The Black Parade",
             thumbnail: "https://link-thumbnail.jpg",
             category: "Concert",
                       ~~~~~~~~~
             salesStart: "2025-07-10T10:00:00.000Z",
             salesEnd: "2025-07-20T22:00:00.000Z",
             tickets: {
               create: [
                 {
                   name: "VIP Seat",
                   price: 2000000,
                   quota: 100
                 },
                 {
                   name: "Regular",
                   price: 500000,
                   quota: 500
                 }
               ]
             }
           },
           include: {
             tickets: true
           }
         })

Invalid value for argument `category`. Expected EventCategory. {"name":"PrismaClientValidationError","clientVersion":"6.10.1"}
2025-07-07 21:02:05 [ERROR]: POST /auth/login: Expected double-quoted property name in JSON at position 93 (line 5 column 1) {"expose":true,"statusCode":400,"status":400,"body":"{\n  \"username\": \"deveb49778\",\n  \"email\": \"deveb49778@iamtile.com\",\n  \"password\": \"Kevin123\",\n}","type":"entity.parse.failed"}
2025-07-07 21:02:24 [INFO]: Token:
2025-07-07 21:02:24 [ERROR]: POST /dashboard/create-event: 
Invalid `prisma.event.create()` invocation in
/Users/kjoshhh/Desktop/Desktop/Design/Purwadhika/JCWDOL/EVENT_MINIPROJECT/BE-MINI-PROJECTS/src/repositories/dashboardEvent.repository.ts:39:25

  36 export const createEvent = async (input: CreateEventDTO) => {
  37     const { organizerId, title, description, thumbnail, category, salesStart, salesEnd, tickets } = input;
  38 
→ 39     return prisma.event.create({
           data: {
             organizerId: 1,
             title: "Chemical Romance",
             description: "Bring Back The Black Parade",
             thumbnail: "https://link-thumbnail.jpg",
             category: "Concert",
                       ~~~~~~~~~
             salesStart: "2025-07-10T10:00:00.000Z",
             salesEnd: "2025-07-20T22:00:00.000Z",
             tickets: {
               create: [
                 {
                   name: "VIP Seat",
                   price: 2000000,
                   quota: 100
                 },
                 {
                   name: "Regular",
                   price: 500000,
                   quota: 500
                 }
               ]
             }
           },
           include: {
             tickets: true
           }
         })

Invalid value for argument `category`. Expected EventCategory. {"name":"PrismaClientValidationError","clientVersion":"6.10.1"}
2025-07-07 21:02:25 [INFO]: Token:
2025-07-07 21:02:26 [ERROR]: POST /dashboard/create-event: 
Invalid `prisma.event.create()` invocation in
/Users/kjoshhh/Desktop/Desktop/Design/Purwadhika/JCWDOL/EVENT_MINIPROJECT/BE-MINI-PROJECTS/src/repositories/dashboardEvent.repository.ts:39:25

  36 export const createEvent = async (input: CreateEventDTO) => {
  37     const { organizerId, title, description, thumbnail, category, salesStart, salesEnd, tickets } = input;
  38 
→ 39     return prisma.event.create({
           data: {
             organizerId: 1,
             title: "Chemical Romance",
             description: "Bring Back The Black Parade",
             thumbnail: "https://link-thumbnail.jpg",
             category: "Concert",
                       ~~~~~~~~~
             salesStart: "2025-07-10T10:00:00.000Z",
             salesEnd: "2025-07-20T22:00:00.000Z",
             tickets: {
               create: [
                 {
                   name: "VIP Seat",
                   price: 2000000,
                   quota: 100
                 },
                 {
                   name: "Regular",
                   price: 500000,
                   quota: 500
                 }
               ]
             }
           },
           include: {
             tickets: true
           }
         })

Invalid value for argument `category`. Expected EventCategory. {"name":"PrismaClientValidationError","clientVersion":"6.10.1"}
2025-07-07 21:02:27 [INFO]: Token:
2025-07-07 21:02:27 [ERROR]: POST /dashboard/create-event: 
Invalid `prisma.event.create()` invocation in
/Users/kjoshhh/Desktop/Desktop/Design/Purwadhika/JCWDOL/EVENT_MINIPROJECT/BE-MINI-PROJECTS/src/repositories/dashboardEvent.repository.ts:39:25

  36 export const createEvent = async (input: CreateEventDTO) => {
  37     const { organizerId, title, description, thumbnail, category, salesStart, salesEnd, tickets } = input;
  38 
→ 39     return prisma.event.create({
           data: {
             organizerId: 1,
             title: "Chemical Romance",
             description: "Bring Back The Black Parade",
             thumbnail: "https://link-thumbnail.jpg",
             category: "Concert",
                       ~~~~~~~~~
             salesStart: "2025-07-10T10:00:00.000Z",
             salesEnd: "2025-07-20T22:00:00.000Z",
             tickets: {
               create: [
                 {
                   name: "VIP Seat",
                   price: 2000000,
                   quota: 100
                 },
                 {
                   name: "Regular",
                   price: 500000,
                   quota: 500
                 }
               ]
             }
           },
           include: {
             tickets: true
           }
         })

Invalid value for argument `category`. Expected EventCategory. {"name":"PrismaClientValidationError","clientVersion":"6.10.1"}
2025-07-07 21:02:42 [INFO]: Token:
2025-07-07 21:02:42 [ERROR]: POST /dashboard/create-event: 
Invalid `prisma.event.create()` invocation in
/Users/kjoshhh/Desktop/Desktop/Design/Purwadhika/JCWDOL/EVENT_MINIPROJECT/BE-MINI-PROJECTS/src/repositories/dashboardEvent.repository.ts:39:25

  36 export const createEvent = async (input: CreateEventDTO) => {
  37     const { organizerId, title, description, thumbnail, category, salesStart, salesEnd, tickets } = input;
  38 
→ 39     return prisma.event.create({
           data: {
             organizerId: 1,
             title: "Chemical Romance",
             description: "Bring Back The Black Parade",
             thumbnail: "https://link-thumbnail.jpg",
             category: "Concert",
                       ~~~~~~~~~
             salesStart: "2025-07-10T10:00:00.000Z",
             salesEnd: "2025-07-20T22:00:00.000Z",
             tickets: {
               create: [
                 {
                   name: "VIP Seat",
                   price: 2000000,
                   quota: 100
                 },
                 {
                   name: "Regular",
                   price: 500000,
                   quota: 500
                 }
               ]
             }
           },
           include: {
             tickets: true
           }
         })

Invalid value for argument `category`. Expected EventCategory. {"name":"PrismaClientValidationError","clientVersion":"6.10.1"}
2025-07-07 21:04:49 [INFO]: Token:

2025-07-07 21:25:28 [INFO]: Token:
2025-07-07 21:25:48 [INFO]: Token:
2025-07-07 21:25:48 [ERROR]: POST /dashboard/create-event: 
Invalid `prisma.event.create()` invocation in
/Users/macbook/Documents/NGODING/modul-purwadhika-main/03 MODUL 3 BACK END/MINI PROJECT/BE-MINI-PROJECT/src/repositories/dashboardEvent.repository.ts:39:25

  36 export const createEvent = async (input: CreateEventDTO) => {
  37     const { organizerId, title, description, thumbnail, category, salesStart, salesEnd, tickets } = input;
  38 
→ 39     return prisma.event.create({
           data: {
             organizerId: 1,
             title: "Bring Me The Horizon",
             description: "Lost",
             thumbnail: "https://link-thumbnail.jpg/",
             category: "Concert",
                       ~~~~~~~~~
             salesStart: "2025-07-10T10:00:00.000Z",
             salesEnd: "2025-07-20T22:00:00.000Z",
             tickets: {
               create: [
                 {
                   name: "VIP Seat",
                   price: 2000000,
                   quota: 100
                 },
                 {
                   name: "Regular",
                   price: 500000,
                   quota: 500
                 }
               ]
             }
           },
           include: {
             tickets: true
           }
         })

Invalid value for argument `category`. Expected EventCategory. {"name":"PrismaClientValidationError","clientVersion":"6.10.1"}
2025-07-07 21:26:10 [INFO]: Token:
2025-07-07 21:26:10 [ERROR]: POST /dashboard/create-event: Cannot read properties of undefined (reading 'map') {}
2025-07-07 21:27:34 [INFO]: Token:
2025-07-07 21:27:36 [ERROR]: POST /dashboard/create-event: 
Invalid `prisma.event.create()` invocation in
/Users/macbook/Documents/NGODING/modul-purwadhika-main/03 MODUL 3 BACK END/MINI PROJECT/BE-MINI-PROJECT/src/repositories/dashboardEvent.repository.ts:39:25

  36 export const createEvent = async (input: CreateEventDTO) => {
  37     const { organizerId, title, description, thumbnail, category, salesStart, salesEnd, tickets } = input;
  38 
→ 39     return prisma.event.create({
           data: {
             organizerId: 1,
             title: "Tech Conference 2025",
             description: "A national technology conference event.",
             thumbnail: "https://example.com/image.jpg",
             category: "MUSIC",
                       ~~~~~~~
             salesStart: "2025-07-10T09:00:00.000Z",
             salesEnd: "2025-07-20T17:00:00.000Z",
             tickets: {
               create: [
                 {
                   name: "Regular",
                   price: 100000,
                   quota: 100
                 },
                 {
                   name: "VIP",
                   price: 250000,
                   quota: 50
                 }
               ]
             }
           },
           include: {
             tickets: true
           }
         })

Invalid value for argument `category`. Expected EventCategory. {"name":"PrismaClientValidationError","clientVersion":"6.10.1"}
2025-07-07 21:28:06 [INFO]: Token:
2025-07-07 21:28:12 [INFO]: Token:
2025-07-07 21:42:33 [INFO]: Token:
2025-07-07 21:42:33 [ERROR]: POST /dashboard/create-event: 
Invalid `prisma.event.create()` invocation in
/Users/macbook/Documents/NGODING/modul-purwadhika-main/03 MODUL 3 BACK END/MINI PROJECT/BE-MINI-PROJECT/src/repositories/dashboardEvent.repository.ts:43:25

  40 export const createEvent = async (input: CreateEventInput) => {
  41     const { organizerId, title, description, thumbnail, category, salesStart, salesEnd, tickets } = input;
  42 
→ 43     return prisma.event.create({
           data: {
             organizerId: 1,
             title: "Seminar Nasional",
             description: "Acara untuk pengusaha muda.",
             thumbnail: "https://example.com/image.jpg",
             category: "Education",
                       ~~~~~~~~~~~
             salesStart: undefined,
             salesEnd: undefined,
             tickets: {
               create: [
                 {
                   name: "Umum",
                   price: 100000,
                   quota: 100
                 }
               ]
             }
           },
           include: {
             tickets: true
           }
         })

Invalid value for argument `category`. Expected EventCategory. {"name":"PrismaClientValidationError","clientVersion":"6.10.1"}
2025-07-07 21:42:39 [INFO]: Token:
2025-07-07 21:42:39 [ERROR]: POST /dashboard/create-event: 
Invalid `prisma.event.create()` invocation in
/Users/macbook/Documents/NGODING/modul-purwadhika-main/03 MODUL 3 BACK END/MINI PROJECT/BE-MINI-PROJECT/src/repositories/dashboardEvent.repository.ts:43:25

  40 export const createEvent = async (input: CreateEventInput) => {
  41     const { organizerId, title, description, thumbnail, category, salesStart, salesEnd, tickets } = input;
  42 
→ 43     return prisma.event.create({
           data: {
             organizerId: 1,
             title: "Seminar Nasional",
             description: "Acara untuk pengusaha muda.",
             thumbnail: "https://example.com/image.jpg",
             category: "Education",
                       ~~~~~~~~~~~
             salesStart: undefined,
             salesEnd: undefined,
             tickets: {
               create: [
                 {
                   name: "Umum",
                   price: 100000,
                   quota: 100
                 }
               ]
             }
           },
           include: {
             tickets: true
           }
         })

Invalid value for argument `category`. Expected EventCategory. {"name":"PrismaClientValidationError","clientVersion":"6.10.1"}
2025-07-07 21:42:58 [INFO]: Token:
2025-07-07 21:43:07 [INFO]: Token:
2025-07-07 21:53:36 [INFO]: Token:
2025-07-07 21:53:39 [ERROR]: POST /dashboard/create-event: 
Invalid `prisma.event.create()` invocation in
/Users/macbook/Documents/NGODING/modul-purwadhika-main/03 MODUL 3 BACK END/MINI PROJECT/BE-MINI-PROJECT/src/repositories/dashboardEvent.repository.ts:43:25

  40 export const createEvent = async (input: CreateEventInput) => {
  41     const { organizerId, title, description, thumbnail, category, salesStart, salesEnd, tickets } = input;
  42 
→ 43     return prisma.event.create({
           data: {
             organizerId: 1,
             title: "Seminar Nasional SMA Bogor",
             description: undefined,
             category: undefined,
             salesStart: undefined,
             salesEnd: undefined,
             tickets: {
               create: [
                 {
                   name: "VIP",
                   price: 300000,
                   quota: 50
                 }
               ]
             },
         +   thumbnail: String
           },
           include: {
             tickets: true
           }
         })

Argument `thumbnail` is missing. {"name":"PrismaClientValidationError","clientVersion":"6.10.1"}
2025-07-07 21:54:14 [INFO]: Token:
2025-07-07 21:54:14 [ERROR]: POST /dashboard/create-event: 
Invalid `prisma.event.create()` invocation in
/Users/macbook/Documents/NGODING/modul-purwadhika-main/03 MODUL 3 BACK END/MINI PROJECT/BE-MINI-PROJECT/src/repositories/dashboardEvent.repository.ts:43:25

  40 export const createEvent = async (input: CreateEventInput) => {
  41     const { organizerId, title, description, thumbnail, category, salesStart, salesEnd, tickets } = input;
  42 
→ 43     return prisma.event.create({
           data: {
             organizerId: 1,
             title: "Seminar Nasional SMA Bogor",
             thumbnail: "https://example.com/image2.jpg",
             category: undefined,
             salesStart: undefined,
             salesEnd: undefined,
             tickets: {
               create: [
                 {
                   name: "VIP",
                   price: 300000,
                   quota: 50
                 }
               ]
             },
         +   description: String
           },
           include: {
             tickets: true
           }
         })

Argument `description` is missing. {"name":"PrismaClientValidationError","clientVersion":"6.10.1"}
2025-07-07 21:54:59 [INFO]: Token:
2025-07-07 21:56:05 [INFO]: Token:
2025-07-07 21:57:38 [INFO]: Token:
2025-07-07 21:57:48 [INFO]: Token:
2025-07-07 22:10:16 [INFO]: Token:
2025-07-07 22:10:17 [ERROR]: DELETE /dashboard/event/3: 
Invalid `prisma.event.delete()` invocation in
/Users/macbook/Documents/NGODING/modul-purwadhika-main/03 MODUL 3 BACK END/MINI PROJECT/BE-MINI-PROJECT/src/repositories/dashboardEvent.repository.ts:87:37

  84 };
  85 
  86 export const deleteEvent = async (id: number) => {
→ 87     return await prisma.event.delete(
Foreign key constraint violated on the constraint: `ticket_eventId_fkey` {"code":"P2003","meta":{"modelName":"Event","constraint":"ticket_eventId_fkey"},"clientVersion":"6.10.1","name":"PrismaClientKnownRequestError"}
2025-07-07 22:10:26 [INFO]: Token:
2025-07-07 22:10:28 [ERROR]: DELETE /dashboard/event/3: 
Invalid `prisma.event.delete()` invocation in
/Users/macbook/Documents/NGODING/modul-purwadhika-main/03 MODUL 3 BACK END/MINI PROJECT/BE-MINI-PROJECT/src/repositories/dashboardEvent.repository.ts:87:37

  84 };
  85 
  86 export const deleteEvent = async (id: number) => {
→ 87     return await prisma.event.delete(
Foreign key constraint violated on the constraint: `ticket_eventId_fkey` {"code":"P2003","meta":{"modelName":"Event","constraint":"ticket_eventId_fkey"},"clientVersion":"6.10.1","name":"PrismaClientKnownRequestError"}
2025-07-07 22:12:26 [INFO]: Token:
2025-07-07 22:12:35 [INFO]: Token:
=======

2025-07-07 22:54:00 [ERROR]: POST /event/create-transaction: Authorization header missing or invalid {"statusCode":401,"success":false,"message":"Authorization header missing or invalid"}
2025-07-07 22:54:01 [ERROR]: POST /event/create-transaction: Authorization header missing or invalid {"statusCode":401,"success":false,"message":"Authorization header missing or invalid"}
2025-07-07 22:57:00 [INFO]: Token:

2025-07-08 10:57:31 [ERROR]: POST /auth/regis: User already exist {"statusCode":400,"success":false,"message":"User already exist"}
2025-07-08 10:58:39 [INFO]: Token:
2025-07-08 11:01:59 [INFO]: Token:
2025-07-08 11:02:01 [ERROR]: POST /transactions/create-transaction: Event not found {"statusCode":404,"success":false,"message":"Event not found"}
2025-07-08 11:02:25 [INFO]: Token:
2025-07-08 11:02:27 [ERROR]: POST /transactions/create-transaction: Event not found {"statusCode":404,"success":false,"message":"Event not found"}
2025-07-08 11:03:16 [INFO]: Token:
2025-07-08 11:03:22 [ERROR]: POST /transactions/create-transaction: 
Invalid `prisma.transaction.create()` invocation in
/Users/kjoshhh/Desktop/Desktop/Design/Purwadhika/JCWDOL/EVENT_MINIPROJECT/BE-MINI-PROJECTS-1/src/repositories/transaction.repositori.ts:33:31

  30 }
  31 
  32 export const createTransaction = async (data: CreateTransactionDTO) => {
→ 33     return prisma.transaction.create(
Error occurred during query execution:
ConnectorError(ConnectorError { user_facing_error: None, kind: QueryError(PostgresError { code: "22P02", message: "invalid input value for enum \"TransactionStatus\": \"PENDING\"", severity: "ERROR", detail: None, column: None, hint: None }), transient: false }) {"clientVersion":"6.10.1","name":"PrismaClientUnknownRequestError"}
2025-07-08 11:09:32 [ERROR]: POST /auth/login: Expected double-quoted property name in JSON at position 91 (line 5 column 1) {"expose":true,"statusCode":400,"status":400,"body":"{\n  \"username\": \"bacijad16\",\n  \"email\": \"bacijad167@fuasha.com\",\n  \"password\": \"Kevin123\",\n}","type":"entity.parse.failed"}
2025-07-08 11:09:52 [INFO]: Token:
2025-07-08 11:10:53 [ERROR]: POST /auth/login: Expected double-quoted property name in JSON at position 92 (line 5 column 1) {"expose":true,"statusCode":400,"status":400,"body":"{\n  \"username\": \"wevocaf137\",\n  \"email\": \"wevocaf137@fuasha.com\",\n  \"password\": \"Kevin123\",\n}","type":"entity.parse.failed"}
2025-07-08 11:10:58 [ERROR]: POST /auth/login: Email not verify, please verify first {"statusCode":401,"success":false,"message":"Email not verify, please verify first"}
2025-07-08 11:12:16 [INFO]: Token:
2025-07-08 11:12:59 [INFO]: Token:
2025-07-08 11:43:19 [INFO]: Token:
2025-07-08 11:45:33 [INFO]: Token:
2025-07-08 11:45:37 [ERROR]: POST /transactions/create-transaction: 
Invalid `prisma.transaction.create()` invocation in
/Users/kjoshhh/Desktop/Desktop/Design/Purwadhika/JCWDOL/EVENT_MINIPROJECT/BE-MINI-PROJECTS-1/src/repositories/transaction.repositori.ts:34:31

  31 }
  32 
  33 export const createTransaction = async (data: CreateTransactionDTO) => {
→ 34     return prisma.transaction.create(
The column `ticketId` does not exist in the current database. {"code":"P2022","meta":{"modelName":"Transaction","column":"ticketId"},"clientVersion":"6.10.1","name":"PrismaClientKnownRequestError"}
2025-07-08 11:51:54 [INFO]: Token:

2025-07-08 15:21:05 [INFO]: Token:
2025-07-08 15:26:15 [ERROR]: POST /auth/login: Expected double-quoted property name in JSON at position 92 (line 5 column 1) {"expose":true,"statusCode":400,"status":400,"body":"{\n  \"username\": \"wevocaf137\",\n  \"email\": \"wevocaf137@fuasha.com\",\n  \"password\": \"Kevin123\",\n}","type":"entity.parse.failed"}
2025-07-08 15:26:47 [INFO]: Token:
2025-07-08 15:26:49 [ERROR]: POST /transactions/create-transaction: 
Invalid `prisma.transaction.create()` invocation in
/Users/kjoshhh/Desktop/Desktop/Design/Purwadhika/JCWDOL/EVENT_MINIPROJECT/BE-MINI-PROJECTS-1/src/repositories/transaction.repositori.ts:35:31

  32 }
  33 
  34 export const createTransaction = async (data: CreateTransactionDTO) => {
→ 35     return prisma.transaction.create(
The column `ticketId` does not exist in the current database. {"code":"P2022","meta":{"modelName":"Transaction","column":"ticketId"},"clientVersion":"6.10.1","name":"PrismaClientKnownRequestError"}
2025-07-08 15:27:29 [INFO]: Token:
2025-07-08 15:27:32 [ERROR]: POST /transactions/create-transaction: 
Invalid `prisma.transaction.create()` invocation in
/Users/kjoshhh/Desktop/Desktop/Design/Purwadhika/JCWDOL/EVENT_MINIPROJECT/BE-MINI-PROJECTS-1/src/repositories/transaction.repositori.ts:35:31

  32 }
  33 
  34 export const createTransaction = async (data: CreateTransactionDTO) => {
→ 35     return prisma.transaction.create(
The column `ticketId` does not exist in the current database. {"code":"P2022","meta":{"modelName":"Transaction","column":"ticketId"},"clientVersion":"6.10.1","name":"PrismaClientKnownRequestError"}
2025-07-08 15:34:04 [INFO]: Token:
2025-07-08 15:34:08 [ERROR]: POST /transactions/create-transaction: 
Invalid `prisma.transaction.create()` invocation in
/Users/kjoshhh/Desktop/Desktop/Design/Purwadhika/JCWDOL/EVENT_MINIPROJECT/BE-MINI-PROJECTS-1/src/repositories/transaction.repositori.ts:35:31

  32 }
  33 
  34 export const createTransaction = async (data: CreateTransactionDTO) => {
→ 35     return prisma.transaction.create(
The column `restored` does not exist in the current database. {"code":"P2022","meta":{"modelName":"Transaction","column":"restored"},"clientVersion":"6.10.1","name":"PrismaClientKnownRequestError"}
2025-07-08 15:34:41 [INFO]: Token:
2025-07-08 15:34:44 [ERROR]: POST /transactions/create-transaction: 
Invalid `prisma.transaction.create()` invocation in
/Users/kjoshhh/Desktop/Desktop/Design/Purwadhika/JCWDOL/EVENT_MINIPROJECT/BE-MINI-PROJECTS-1/src/repositories/transaction.repositori.ts:35:31

  32 }
  33 
  34 export const createTransaction = async (data: CreateTransactionDTO) => {
→ 35     return prisma.transaction.create(
The column `restored` does not exist in the current database. {"code":"P2022","meta":{"modelName":"Transaction","column":"restored"},"clientVersion":"6.10.1","name":"PrismaClientKnownRequestError"}
2025-07-08 15:38:34 [INFO]: Token:
2025-07-08 15:38:39 [ERROR]: POST /transactions/create-transaction: 
Invalid `prisma.transaction.create()` invocation in
/Users/kjoshhh/Desktop/Desktop/Design/Purwadhika/JCWDOL/EVENT_MINIPROJECT/BE-MINI-PROJECTS-1/src/repositories/transaction.repositori.ts:35:31

  32 }
  33 
  34 export const createTransaction = async (data: CreateTransactionDTO) => {
→ 35     return prisma.transaction.create(
The column `restored` does not exist in the current database. {"code":"P2022","meta":{"modelName":"Transaction","column":"restored"},"clientVersion":"6.10.1","name":"PrismaClientKnownRequestError"}
2025-07-08 15:40:56 [INFO]: Token:
2025-07-08 15:41:00 [ERROR]: POST /transactions/create-transaction: 
Invalid `prisma.transaction.create()` invocation in
/Users/kjoshhh/Desktop/Desktop/Design/Purwadhika/JCWDOL/EVENT_MINIPROJECT/BE-MINI-PROJECTS-1/src/repositories/transaction.repositori.ts:36:31

  33 }
  34 
  35 export const createTransaction = async (data: CreateTransactionDTO) => {
→ 36     return prisma.transaction.create(
The column `restored` does not exist in the current database. {"code":"P2022","meta":{"modelName":"Transaction","column":"restored"},"clientVersion":"6.10.1","name":"PrismaClientKnownRequestError"}
2025-07-08 15:41:21 [INFO]: Token:
2025-07-08 15:41:23 [ERROR]: POST /transactions/create-transaction: 
Invalid `prisma.transaction.create()` invocation in
/Users/kjoshhh/Desktop/Desktop/Design/Purwadhika/JCWDOL/EVENT_MINIPROJECT/BE-MINI-PROJECTS-1/src/repositories/transaction.repositori.ts:36:31

  33 }
  34 
  35 export const createTransaction = async (data: CreateTransactionDTO) => {
→ 36     return prisma.transaction.create(
The column `restored` does not exist in the current database. {"code":"P2022","meta":{"modelName":"Transaction","column":"restored"},"clientVersion":"6.10.1","name":"PrismaClientKnownRequestError"}
2025-07-08 15:46:02 [INFO]: Token:
2025-07-08 15:46:06 [ERROR]: POST /transactions/create-transaction: 
Invalid `prisma.transaction.create()` invocation in
/Users/kjoshhh/Desktop/Desktop/Design/Purwadhika/JCWDOL/EVENT_MINIPROJECT/BE-MINI-PROJECTS-1/src/repositories/transaction.repositori.ts:36:31

  33 }
  34 
  35 export const createTransaction = async (data: CreateTransactionDTO) => {
→ 36     return prisma.transaction.create(
The column `transaction.paymentProofUploadedAt` does not exist in the current database. {"code":"P2022","meta":{"modelName":"Transaction","column":"transaction.paymentProofUploadedAt"},"clientVersion":"6.10.1","name":"PrismaClientKnownRequestError"}
2025-07-08 15:47:00 [INFO]: Token:
2025-07-08 15:47:03 [ERROR]: POST /transactions/create-transaction: 
Invalid `prisma.transaction.create()` invocation in
/Users/kjoshhh/Desktop/Desktop/Design/Purwadhika/JCWDOL/EVENT_MINIPROJECT/BE-MINI-PROJECTS-1/src/repositories/transaction.repositori.ts:36:31

  33 }
  34 
  35 export const createTransaction = async (data: CreateTransactionDTO) => {
→ 36     return prisma.transaction.create(
Error occurred during query execution:
ConnectorError(ConnectorError { user_facing_error: None, kind: QueryError(PostgresError { code: "22P02", message: "invalid input value for enum \"TransactionStatus\": \"WAITING_PAYMENT\"", severity: "ERROR", detail: None, column: None, hint: None }), transient: false }) {"clientVersion":"6.10.1","name":"PrismaClientUnknownRequestError"}
2025-07-08 15:48:16 [INFO]: Token:
2025-07-08 15:48:19 [ERROR]: POST /transactions/create-transaction: 
Invalid `prisma.transaction.create()` invocation in
/Users/kjoshhh/Desktop/Desktop/Design/Purwadhika/JCWDOL/EVENT_MINIPROJECT/BE-MINI-PROJECTS-1/src/repositories/transaction.repositori.ts:36:31

  33 }
  34 
  35 export const createTransaction = async (data: CreateTransactionDTO) => {
→ 36     return prisma.transaction.create(
Error occurred during query execution:
ConnectorError(ConnectorError { user_facing_error: None, kind: QueryError(PostgresError { code: "22P02", message: "invalid input value for enum \"TransactionStatus\": \"WAITING_PAYMENT\"", severity: "ERROR", detail: None, column: None, hint: None }), transient: false }) {"clientVersion":"6.10.1","name":"PrismaClientUnknownRequestError"}
2025-07-08 16:07:22 [ERROR]: POST /auth/login: Expected double-quoted property name in JSON at position 91 (line 5 column 1) {"expose":true,"statusCode":400,"status":400,"body":"{\n  \"username\": \"bacijad16\",\n  \"email\": \"bacijad167@fuasha.com\",\n  \"password\": \"Kevin123\",\n}","type":"entity.parse.failed"}
2025-07-08 16:07:42 [INFO]: Token:
2025-07-08 16:09:30 [INFO]: Token:
2025-07-08 16:09:33 [ERROR]: POST /transactions/create-transaction: 
Invalid `prisma.transaction.create()` invocation in
/Users/kjoshhh/Desktop/Desktop/Design/Purwadhika/JCWDOL/EVENT_MINIPROJECT/BE-MINI-PROJECTS-1/src/repositories/transaction.repositori.ts:36:31

  33 }
  34 
  35 export const createTransaction = async (data: CreateTransactionDTO) => {
→ 36     return prisma.transaction.create(
The column `restored` does not exist in the current database. {"code":"P2022","meta":{"modelName":"Transaction","column":"restored"},"clientVersion":"6.10.1","name":"PrismaClientKnownRequestError"}
2025-07-08 16:10:44 [INFO]: Token:
2025-07-08 16:10:47 [ERROR]: POST /transactions/create-transaction: 
Invalid `prisma.transaction.create()` invocation in
/Users/kjoshhh/Desktop/Desktop/Design/Purwadhika/JCWDOL/EVENT_MINIPROJECT/BE-MINI-PROJECTS-1/src/repositories/transaction.repositori.ts:36:31

  33 }
  34 
  35 export const createTransaction = async (data: CreateTransactionDTO) => {
→ 36     return prisma.transaction.create(
The column `ticketId` does not exist in the current database. {"code":"P2022","meta":{"modelName":"Transaction","column":"ticketId"},"clientVersion":"6.10.1","name":"PrismaClientKnownRequestError"}
2025-07-08 16:11:52 [INFO]: Token:
2025-07-08 16:11:57 [ERROR]: POST /transactions/create-transaction: 
Invalid `prisma.transaction.create()` invocation in
/Users/kjoshhh/Desktop/Desktop/Design/Purwadhika/JCWDOL/EVENT_MINIPROJECT/BE-MINI-PROJECTS-1/src/repositories/transaction.repositori.ts:36:31

  33 }
  34 
  35 export const createTransaction = async (data: CreateTransactionDTO) => {
→ 36     return prisma.transaction.create(
The column `transaction.paymentProofUploadedAt` does not exist in the current database. {"code":"P2022","meta":{"modelName":"Transaction","column":"transaction.paymentProofUploadedAt"},"clientVersion":"6.10.1","name":"PrismaClientKnownRequestError"}
2025-07-08 16:12:28 [INFO]: Token:
2025-07-08 16:12:32 [ERROR]: POST /transactions/create-transaction: 
Invalid `prisma.transaction.create()` invocation in
/Users/kjoshhh/Desktop/Desktop/Design/Purwadhika/JCWDOL/EVENT_MINIPROJECT/BE-MINI-PROJECTS-1/src/repositories/transaction.repositori.ts:36:31

  33 }
  34 
  35 export const createTransaction = async (data: CreateTransactionDTO) => {
→ 36     return prisma.transaction.create(
Error occurred during query execution:
ConnectorError(ConnectorError { user_facing_error: None, kind: QueryError(PostgresError { code: "22P02", message: "invalid input value for enum \"TransactionStatus\": \"WAITING_PAYMENT\"", severity: "ERROR", detail: None, column: None, hint: None }), transient: false }) {"clientVersion":"6.10.1","name":"PrismaClientUnknownRequestError"}
2025-07-08 16:19:24 [INFO]: Token:
2025-07-08 16:22:26 [ERROR]: POST /auth/login: Email not registered {"statusCode":404,"success":false,"message":"Email not registered"}
2025-07-08 16:23:58 [INFO]: Token:
2025-07-08 16:25:26 [ERROR]: POST /auth/login: Expected double-quoted property name in JSON at position 91 (line 5 column 1) {"expose":true,"statusCode":400,"status":400,"body":"{\n  \"username\": \"bacijad16\",\n  \"email\": \"bacijad167@fuasha.com\",\n  \"password\": \"Kevin123\",\n}","type":"entity.parse.failed"}
2025-07-08 16:25:51 [INFO]: Token:
2025-07-08 16:25:54 [ERROR]: POST /transactions/create-transaction: 
Invalid `prisma.transaction.create()` invocation in
/Users/kjoshhh/Desktop/Desktop/Design/Purwadhika/JCWDOL/EVENT_MINIPROJECT/BE-MINI-PROJECTS-1/src/repositories/transaction.repositori.ts:36:31

  33 }
  34 
  35 export const createTransaction = async (data: CreateTransactionDTO) => {
→ 36     return prisma.transaction.create(
The column `restored` does not exist in the current database. {"code":"P2022","meta":{"modelName":"Transaction","column":"restored"},"clientVersion":"6.10.1","name":"PrismaClientKnownRequestError"}
2025-07-08 16:28:53 [INFO]: Token:
2025-07-08 16:28:57 [ERROR]: POST /transactions/create-transaction: 
Invalid `prisma.transaction.create()` invocation in
/Users/kjoshhh/Desktop/Desktop/Design/Purwadhika/JCWDOL/EVENT_MINIPROJECT/BE-MINI-PROJECTS-1/src/repositories/transaction.repositori.ts:36:31

  33 }
  34 
  35 export const createTransaction = async (data: CreateTransactionDTO) => {
→ 36     return prisma.transaction.create(
Error occurred during query execution:
ConnectorError(ConnectorError { user_facing_error: None, kind: QueryError(PostgresError { code: "22P02", message: "invalid input value for enum \"TransactionStatus\": \"WAITING_PAYMENT\"", severity: "ERROR", detail: None, column: None, hint: None }), transient: false }) {"clientVersion":"6.10.1","name":"PrismaClientUnknownRequestError"}
2025-07-08 16:29:36 [INFO]: Token:
2025-07-08 16:29:39 [ERROR]: POST /transactions/create-transaction: 
Invalid `prisma.transaction.create()` invocation in
/Users/kjoshhh/Desktop/Desktop/Design/Purwadhika/JCWDOL/EVENT_MINIPROJECT/BE-MINI-PROJECTS-1/src/repositories/transaction.repositori.ts:36:31

  33 }
  34 
  35 export const createTransaction = async (data: CreateTransactionDTO) => {
→ 36     return prisma.transaction.create(
Error occurred during query execution:
ConnectorError(ConnectorError { user_facing_error: None, kind: QueryError(PostgresError { code: "22P02", message: "invalid input value for enum \"TransactionStatus\": \"WAITING_PAYMENT\"", severity: "ERROR", detail: None, column: None, hint: None }), transient: false }) {"clientVersion":"6.10.1","name":"PrismaClientUnknownRequestError"}
2025-07-08 16:30:18 [INFO]: Token:
2025-07-08 16:30:23 [ERROR]: POST /transactions/create-transaction: 
Invalid `prisma.ticket.findFirst()` invocation in
/Users/kjoshhh/Desktop/Desktop/Design/Purwadhika/JCWDOL/EVENT_MINIPROJECT/BE-MINI-PROJECTS-1/src/services/transaction.service.ts:20:40

  17 export const createTransactionService = async (input: CreateTransactionInput) => {
  18     const { userId, eventId, ticketId, ticketQuantity, usedCouponsId, userPoints } = input;
  19 
→ 20     const ticket = await prisma.ticket.findFirst(
Can't reach database server at `aws-0-us-east-2.pooler.supabase.com:5432`

Please make sure your database server is running at `aws-0-us-east-2.pooler.supabase.com:5432`. {"code":"P1001","meta":{"modelName":"Ticket","database_host":"aws-0-us-east-2.pooler.supabase.com","database_port":5432},"clientVersion":"6.10.1","name":"PrismaClientKnownRequestError"}
2025-07-08 16:31:29 [INFO]: Token:
2025-07-08 16:31:33 [ERROR]: POST /transactions/create-transaction: 
Invalid `prisma.transaction.create()` invocation in
/Users/kjoshhh/Desktop/Desktop/Design/Purwadhika/JCWDOL/EVENT_MINIPROJECT/BE-MINI-PROJECTS-1/src/repositories/transaction.repositori.ts:36:31

  33 }
  34 
  35 export const createTransaction = async (data: CreateTransactionDTO) => {
→ 36     return prisma.transaction.create(
Error occurred during query execution:
ConnectorError(ConnectorError { user_facing_error: None, kind: QueryError(PostgresError { code: "22P02", message: "invalid input value for enum \"TransactionStatus\": \"WAITING_PAYMENT\"", severity: "ERROR", detail: None, column: None, hint: None }), transient: false }) {"clientVersion":"6.10.1","name":"PrismaClientUnknownRequestError"}
2025-07-08 16:31:39 [INFO]: Token:
2025-07-08 16:31:42 [ERROR]: POST /transactions/create-transaction: 
Invalid `prisma.transaction.create()` invocation in
/Users/kjoshhh/Desktop/Desktop/Design/Purwadhika/JCWDOL/EVENT_MINIPROJECT/BE-MINI-PROJECTS-1/src/repositories/transaction.repositori.ts:36:31

  33 }
  34 
  35 export const createTransaction = async (data: CreateTransactionDTO) => {
→ 36     return prisma.transaction.create(
Error occurred during query execution:
ConnectorError(ConnectorError { user_facing_error: None, kind: QueryError(PostgresError { code: "22P02", message: "invalid input value for enum \"TransactionStatus\": \"WAITING_PAYMENT\"", severity: "ERROR", detail: None, column: None, hint: None }), transient: false }) {"clientVersion":"6.10.1","name":"PrismaClientUnknownRequestError"}
2025-07-08 16:32:08 [INFO]: Token:
2025-07-08 16:32:11 [ERROR]: POST /transactions/create-transaction: 
Invalid `prisma.transaction.create()` invocation in
/Users/kjoshhh/Desktop/Desktop/Design/Purwadhika/JCWDOL/EVENT_MINIPROJECT/BE-MINI-PROJECTS-1/src/repositories/transaction.repositori.ts:36:31

  33 }
  34 
  35 export const createTransaction = async (data: CreateTransactionDTO) => {
→ 36     return prisma.transaction.create(
Error occurred during query execution:
ConnectorError(ConnectorError { user_facing_error: None, kind: QueryError(PostgresError { code: "22P02", message: "invalid input value for enum \"TransactionStatus\": \"WAITING_PAYMENT\"", severity: "ERROR", detail: None, column: None, hint: None }), transient: false }) {"clientVersion":"6.10.1","name":"PrismaClientUnknownRequestError"}
2025-07-08 16:42:41 [INFO]: Token:
2025-07-08 16:44:17 [INFO]: Token:
2025-07-08 16:49:23 [INFO]: Token:
2025-07-08 16:49:25 [ERROR]: POST /api/transactions/:transactionId/upload-payment-proof: 
Invalid `prisma.transaction.findUnique()` invocation in
/Users/kjoshhh/Desktop/Desktop/Design/Purwadhika/JCWDOL/EVENT_MINIPROJECT/BE-MINI-PROJECTS-1/src/services/transaction.service.ts:88:42

  85     paymentProofUrl: string,
  86     userId: number
  87 ) => {
→ 88     const trx = await prisma.transaction.findUnique({
           where: {
         +   id: Int
           }
         })

Argument `id` is missing. {"name":"PrismaClientValidationError","clientVersion":"6.10.1"}
2025-07-08 16:50:10 [INFO]: Token:
2025-07-08 16:50:12 [ERROR]: PATCH /api/transactions/:transactionId/upload-payment-proof: 
Invalid `prisma.transaction.findUnique()` invocation in
/Users/kjoshhh/Desktop/Desktop/Design/Purwadhika/JCWDOL/EVENT_MINIPROJECT/BE-MINI-PROJECTS-1/src/services/transaction.service.ts:88:42

  85     paymentProofUrl: string,
  86     userId: number
  87 ) => {
→ 88     const trx = await prisma.transaction.findUnique({
           where: {
         +   id: Int
           }
         })

Argument `id` is missing. {"name":"PrismaClientValidationError","clientVersion":"6.10.1"}
2025-07-08 16:51:22 [INFO]: Token:
2025-07-08 17:01:27 [INFO]: Token:

<<<<<<< HEAD
2025-07-08 20:16:09 [INFO]: Token:
2025-07-08 20:16:23 [INFO]: Token:
2025-07-08 20:16:30 [INFO]: Token:
2025-07-08 20:17:50 [INFO]: Token:
2025-07-08 20:17:58 [INFO]: Token:
2025-07-08 20:20:41 [INFO]: Token:
2025-07-08 20:21:04 [INFO]: Token:
2025-07-08 20:21:06 [ERROR]: PATCH /dashboard/event/3: 
Invalid `prisma.event.update()` invocation in
/Users/macbook/Documents/NGODING/modul-purwadhika-main/03 MODUL 3 BACK END/MINI PROJECT/BE-MINI-PROJECT/src/repositories/event.repository.ts:75:25

  72 export const updateEvent = async (input: UpdateEventDTO) => {
  73     const { id, tickets, ...eventData } = input;
  74 
→ 75     return prisma.event.update(
An operation failed because it depends on one or more records that were required but not found. No 'Event' record (needed to inline the relation on 'Event' record(s)) was found for a nested create on one-to-many relation 'EventToTicket'. {"code":"P2025","meta":{"modelName":"Event","cause":"No 'Event' record (needed to inline the relation on 'Event' record(s)) was found for a nested create on one-to-many relation 'EventToTicket'."},"clientVersion":"6.10.1","name":"PrismaClientKnownRequestError"}
2025-07-08 20:21:11 [INFO]: Token:
2025-07-08 20:21:19 [INFO]: Token:
2025-07-08 21:09:30 [ERROR]: POST /auth/login: Email not registered {"statusCode":404,"success":false,"message":"Email not registered"}
2025-07-08 21:20:17 [INFO]: Token:
2025-07-08 21:20:17 [ERROR]: GET /transactions/event/4/statistics: 
Invalid `prisma.transaction.findMany()` invocation in
/Users/macbook/Documents/NGODING/modul-purwadhika-main/03 MODUL 3 BACK END/MINI PROJECT/BE-MINI-PROJECT/src/repositories/transaction.repositori.ts:42:31

  39 };
  40 
  41 export const getUserTransactions = async (userId: number) => {
→ 42     return prisma.transaction.findMany({
           where: {
         +   userId: {
         +     equals: Int | IntFieldRefInput,
         +     in: Int[] | ListIntFieldRefInput,
         +     notIn: Int[] | ListIntFieldRefInput,
         +     lt: Int | IntFieldRefInput,
         +     lte: Int | IntFieldRefInput,
         +     gt: Int | IntFieldRefInput,
         +     gte: Int | IntFieldRefInput,
         +     not: Int | NestedIntFilter
         +   }
           },
           orderBy: {
             createdAt: "desc"
           },
           include: {
             event: {
               select: {
                 title: true,
                 thumbnail: true
               }
             }
           }
         })

Argument `userId` is missing. {"name":"PrismaClientValidationError","clientVersion":"6.10.1"}
2025-07-08 21:20:42 [INFO]: Token:
2025-07-08 21:20:54 [INFO]: Token:
2025-07-08 21:20:56 [ERROR]: PATCH /dashboard/event/4: 
Invalid `prisma.event.update()` invocation in
/Users/macbook/Documents/NGODING/modul-purwadhika-main/03 MODUL 3 BACK END/MINI PROJECT/BE-MINI-PROJECT/src/repositories/event.repository.ts:75:25

  72 export const updateEvent = async (input: UpdateEventDTO) => {
  73     const { id, tickets, ...eventData } = input;
  74 
→ 75     return prisma.event.update(
An operation failed because it depends on one or more records that were required but not found. No 'Event' record (needed to inline the relation on 'Event' record(s)) was found for a nested create on one-to-many relation 'EventToTicket'. {"code":"P2025","meta":{"modelName":"Event","cause":"No 'Event' record (needed to inline the relation on 'Event' record(s)) was found for a nested create on one-to-many relation 'EventToTicket'."},"clientVersion":"6.10.1","name":"PrismaClientKnownRequestError"}
2025-07-08 21:21:11 [INFO]: Token:
2025-07-08 21:21:20 [INFO]: Token:
2025-07-08 21:21:27 [INFO]: Token:
2025-07-08 21:21:35 [INFO]: Token:
2025-07-08 21:21:35 [ERROR]: GET /transactions/event/1/statistics: 
Invalid `prisma.transaction.findMany()` invocation in
/Users/macbook/Documents/NGODING/modul-purwadhika-main/03 MODUL 3 BACK END/MINI PROJECT/BE-MINI-PROJECT/src/repositories/transaction.repositori.ts:42:31

  39 };
  40 
  41 export const getUserTransactions = async (userId: number) => {
→ 42     return prisma.transaction.findMany({
           where: {
         +   userId: {
         +     equals: Int | IntFieldRefInput,
         +     in: Int[] | ListIntFieldRefInput,
         +     notIn: Int[] | ListIntFieldRefInput,
         +     lt: Int | IntFieldRefInput,
         +     lte: Int | IntFieldRefInput,
         +     gt: Int | IntFieldRefInput,
         +     gte: Int | IntFieldRefInput,
         +     not: Int | NestedIntFilter
         +   }
           },
           orderBy: {
             createdAt: "desc"
           },
           include: {
             event: {
               select: {
                 title: true,
                 thumbnail: true
               }
             }
           }
         })

Argument `userId` is missing. {"name":"PrismaClientValidationError","clientVersion":"6.10.1"}
2025-07-08 21:21:36 [INFO]: Token:
2025-07-08 21:21:36 [ERROR]: GET /transactions/event/1/statistics: 
Invalid `prisma.transaction.findMany()` invocation in
/Users/macbook/Documents/NGODING/modul-purwadhika-main/03 MODUL 3 BACK END/MINI PROJECT/BE-MINI-PROJECT/src/repositories/transaction.repositori.ts:42:31

  39 };
  40 
  41 export const getUserTransactions = async (userId: number) => {
→ 42     return prisma.transaction.findMany({
           where: {
         +   userId: {
         +     equals: Int | IntFieldRefInput,
         +     in: Int[] | ListIntFieldRefInput,
         +     notIn: Int[] | ListIntFieldRefInput,
         +     lt: Int | IntFieldRefInput,
         +     lte: Int | IntFieldRefInput,
         +     gt: Int | IntFieldRefInput,
         +     gte: Int | IntFieldRefInput,
         +     not: Int | NestedIntFilter
         +   }
           },
           orderBy: {
             createdAt: "desc"
           },
           include: {
             event: {
               select: {
                 title: true,
                 thumbnail: true
               }
             }
           }
         })

Argument `userId` is missing. {"name":"PrismaClientValidationError","clientVersion":"6.10.1"}
2025-07-08 21:21:59 [INFO]: Token:
2025-07-08 21:21:59 [ERROR]: GET /transactions/event/1/statistics: 
Invalid `prisma.transaction.findMany()` invocation in
/Users/macbook/Documents/NGODING/modul-purwadhika-main/03 MODUL 3 BACK END/MINI PROJECT/BE-MINI-PROJECT/src/repositories/transaction.repositori.ts:42:31

  39 };
  40 
  41 export const getUserTransactions = async (userId: number) => {
→ 42     return prisma.transaction.findMany({
           where: {
         +   userId: {
         +     equals: Int | IntFieldRefInput,
         +     in: Int[] | ListIntFieldRefInput,
         +     notIn: Int[] | ListIntFieldRefInput,
         +     lt: Int | IntFieldRefInput,
         +     lte: Int | IntFieldRefInput,
         +     gt: Int | IntFieldRefInput,
         +     gte: Int | IntFieldRefInput,
         +     not: Int | NestedIntFilter
         +   }
           },
           orderBy: {
             createdAt: "desc"
           },
           include: {
             event: {
               select: {
                 title: true,
                 thumbnail: true
               }
             }
           }
         })

Argument `userId` is missing. {"name":"PrismaClientValidationError","clientVersion":"6.10.1"}
2025-07-08 21:24:39 [INFO]: Token:
2025-07-08 21:24:41 [ERROR]: GET /transactions/event/1/statistics: 
Invalid `prisma.transaction.findMany()` invocation in
/Users/macbook/Documents/NGODING/modul-purwadhika-main/03 MODUL 3 BACK END/MINI PROJECT/BE-MINI-PROJECT/src/repositories/transaction.repositori.ts:42:31

  39 };
  40 
  41 export const getUserTransactions = async (userId: number) => {
→ 42     return prisma.transaction.findMany({
           where: {
         +   userId: {
         +     equals: Int | IntFieldRefInput,
         +     in: Int[] | ListIntFieldRefInput,
         +     notIn: Int[] | ListIntFieldRefInput,
         +     lt: Int | IntFieldRefInput,
         +     lte: Int | IntFieldRefInput,
         +     gt: Int | IntFieldRefInput,
         +     gte: Int | IntFieldRefInput,
         +     not: Int | NestedIntFilter
         +   }
           },
           orderBy: {
             createdAt: "desc"
           },
           include: {
             event: {
               select: {
                 title: true,
                 thumbnail: true
               }
             }
           }
         })

Argument `userId` is missing. {"name":"PrismaClientValidationError","clientVersion":"6.10.1"}
2025-07-08 21:24:56 [INFO]: Token:
2025-07-08 21:24:58 [ERROR]: GET /transactions/event/1/statistics: 
Invalid `prisma.transaction.findMany()` invocation in
/Users/macbook/Documents/NGODING/modul-purwadhika-main/03 MODUL 3 BACK END/MINI PROJECT/BE-MINI-PROJECT/src/repositories/transaction.repositori.ts:42:31

  39 };
  40 
  41 export const getUserTransactions = async (userId: number) => {
→ 42     return prisma.transaction.findMany({
           where: {
         +   userId: {
         +     equals: Int | IntFieldRefInput,
         +     in: Int[] | ListIntFieldRefInput,
         +     notIn: Int[] | ListIntFieldRefInput,
         +     lt: Int | IntFieldRefInput,
         +     lte: Int | IntFieldRefInput,
         +     gt: Int | IntFieldRefInput,
         +     gte: Int | IntFieldRefInput,
         +     not: Int | NestedIntFilter
         +   }
           },
           orderBy: {
             createdAt: "desc"
           },
           include: {
             event: {
               select: {
                 title: true,
                 thumbnail: true
               }
             }
           }
         })

Argument `userId` is missing. {"name":"PrismaClientValidationError","clientVersion":"6.10.1"}
2025-07-08 21:26:51 [INFO]: Token:
<<<<<<< HEAD
2025-07-08 23:16:01 [INFO]: Token:
2025-07-08 23:16:36 [INFO]: Token:
2025-07-08 23:16:45 [INFO]: Token:
=======
=======
2025-07-08 21:22:11 [ERROR]: POST /auth/login: Expected double-quoted property name in JSON at position 92 (line 5 column 1) {"expose":true,"statusCode":400,"status":400,"body":"{ \n  \"username\": \"fetiw5911\",\n  \"email\": \"fetiw59118@fuasha.com\",\n  \"password\": \"Kevin123\",\n}","type":"entity.parse.failed"}
2025-07-08 21:22:43 [INFO]: Token:
2025-07-08 21:24:25 [INFO]: Token:
2025-07-08 21:24:26 [ERROR]: POST /transactions/create-transaction: Ticket not found for this event {"statusCode":404,"success":false,"message":"Ticket not found for this event"}
2025-07-08 21:25:11 [INFO]: Token:
2025-07-08 21:25:55 [INFO]: Token:
2025-07-08 21:25:57 [ERROR]: PATCH /api/transactions/2/upload-payment-proof: Transaction not found {"statusCode":404,"success":false,"message":"Transaction not found"}
2025-07-08 21:26:07 [INFO]: Token:
2025-07-08 21:31:29 [INFO]: Token:
2025-07-08 21:31:29 [ERROR]: PATCH /api/transactions/:transactionId/confirm: 
Invalid `prisma.transaction.findUnique()` invocation in
/Users/kjoshhh/Desktop/Desktop/Design/Purwadhika/JCWDOL/EVENT_MINIPROJECT/BE-MINI-PROJECTS/src/services/transaction.service.ts:126:42

  123     action: "ACCEPT" | "REJECT",
  124     organizerId: number
  125 ) => {
→ 126     const trx = await prisma.transaction.findUnique({
            where: {
          +   id: Int
            },
            include: {
              event: true
            }
          })

Argument `id` is missing. {"name":"PrismaClientValidationError","clientVersion":"6.10.1"}
2025-07-08 21:31:51 [INFO]: Token:
>>>>>>> ready_repository
2025-07-08 21:45:50 [ERROR]: POST /auth/login: Expected double-quoted property name in JSON at position 93 (line 5 column 1) {"expose":true,"statusCode":400,"status":400,"body":"{ \n  \"username\": \"wevocaf137\",\n  \"email\": \"wevocaf137@fuasha.com\",\n  \"password\": \"Kevin123\",\n}","type":"entity.parse.failed"}
2025-07-08 21:46:22 [INFO]: Token:
2025-07-08 21:47:46 [INFO]: Token:
2025-07-08 21:48:39 [INFO]: Token:
2025-07-08 21:48:41 [ERROR]: PATCH /api/transactions/1/confirm: Transaction is not pending confirmation {"statusCode":400,"success":false,"message":"Transaction is not pending confirmation"}
2025-07-08 21:48:45 [INFO]: Token:
2025-07-08 21:51:33 [INFO]: Token:
2025-07-08 22:18:59 [INFO]: Token:
2025-07-08 22:19:03 [ERROR]: GET /transactions/event/2/statistics: 
Invalid `prisma.$queryRaw()` invocation:


Raw query failed. Code: `42P01`. Message: `relation "Transaction" does not exist` {"code":"P2010","meta":{"code":"42P01","message":"relation \"Transaction\" does not exist"},"clientVersion":"6.10.1","name":"PrismaClientKnownRequestError"}
2025-07-08 22:23:33 [INFO]: Token:
2025-07-08 22:23:37 [ERROR]: GET /transactions/event/2/statistics: 
Invalid `prisma.$queryRaw()` invocation:


Raw query failed. Code: `42725`. Message: `ERROR: function date_trunc(unknown, unknown) is not unique
HINT: Could not choose a best candidate function. You might need to add explicit type casts.` {"code":"P2010","meta":{"code":"42725","message":"ERROR: function date_trunc(unknown, unknown) is not unique\nHINT: Could not choose a best candidate function. You might need to add explicit type casts."},"clientVersion":"6.10.1","name":"PrismaClientKnownRequestError"}
2025-07-08 22:33:18 [INFO]: Token:
2025-07-08 22:33:22 [ERROR]: GET /transactions/event/2/statistics: Do not know how to serialize a BigInt {}
2025-07-08 22:34:22 [INFO]: Token:
2025-07-08 22:34:24 [ERROR]: GET /transactions/event/2/statistics: Do not know how to serialize a BigInt {}
2025-07-08 22:38:31 [INFO]: Token:
2025-07-08 22:38:37 [ERROR]: GET /transactions/event/2/statistics: Do not know how to serialize a BigInt {}
2025-07-08 22:43:04 [INFO]: Token:
2025-07-08 22:43:08 [ERROR]: GET /transactions/event/2/statistics: 
Invalid `prisma.$queryRawUnsafe()` invocation:


Your raw query had an incorrect number of parameters. Expected: `1`, actual: `0`. {"code":"P1016","meta":{"expected":1,"actual":0},"clientVersion":"6.10.1","name":"PrismaClientKnownRequestError"}
2025-07-08 22:52:11 [INFO]: Token:
2025-07-08 22:52:15 [ERROR]: GET /transactions/event/2/statistics: 
Invalid `prisma.$queryRawUnsafe()` invocation:


Your raw query had an incorrect number of parameters. Expected: `1`, actual: `0`. {"code":"P1016","meta":{"expected":1,"actual":0},"clientVersion":"6.10.1","name":"PrismaClientKnownRequestError"}
2025-07-08 22:55:01 [INFO]: Token:
2025-07-08 22:55:05 [ERROR]: GET /transactions/event/2/statistics: 
Invalid `prisma.$queryRawUnsafe()` invocation:


Your raw query had an incorrect number of parameters. Expected: `1`, actual: `0`. {"code":"P1016","meta":{"expected":1,"actual":0},"clientVersion":"6.10.1","name":"PrismaClientKnownRequestError"}
2025-07-08 23:00:38 [INFO]: Token:
2025-07-08 23:00:41 [ERROR]: GET /transactions/event/2/statistics: 
Invalid `prisma.$queryRawUnsafe()` invocation:


Your raw query had an incorrect number of parameters. Expected: `1`, actual: `0`. {"code":"P1016","meta":{"expected":1,"actual":0},"clientVersion":"6.10.1","name":"PrismaClientKnownRequestError"}
2025-07-08 23:01:33 [INFO]: Token:
2025-07-08 23:01:38 [ERROR]: GET /transactions/event/1/statistics: 
Invalid `prisma.$queryRawUnsafe()` invocation:


Your raw query had an incorrect number of parameters. Expected: `1`, actual: `0`. {"code":"P1016","meta":{"expected":1,"actual":0},"clientVersion":"6.10.1","name":"PrismaClientKnownRequestError"}
2025-07-08 23:01:43 [INFO]: Token:
2025-07-08 23:01:44 [ERROR]: GET /transactions/event/3/statistics: 
Invalid `prisma.$queryRawUnsafe()` invocation:


Your raw query had an incorrect number of parameters. Expected: `1`, actual: `0`. {"code":"P1016","meta":{"expected":1,"actual":0},"clientVersion":"6.10.1","name":"PrismaClientKnownRequestError"}
2025-07-08 23:01:53 [INFO]: Token:
2025-07-08 23:01:55 [ERROR]: GET /transactions/event/2/statistics: 
Invalid `prisma.$queryRawUnsafe()` invocation:


Your raw query had an incorrect number of parameters. Expected: `1`, actual: `0`. {"code":"P1016","meta":{"expected":1,"actual":0},"clientVersion":"6.10.1","name":"PrismaClientKnownRequestError"}
2025-07-08 23:06:37 [INFO]: Token:
2025-07-08 23:06:41 [ERROR]: GET /transactions/event/2/statistics: 
Invalid `prisma.$queryRawUnsafe()` invocation:


Your raw query had an incorrect number of parameters. Expected: `1`, actual: `0`. {"code":"P1016","meta":{"expected":1,"actual":0},"clientVersion":"6.10.1","name":"PrismaClientKnownRequestError"}
2025-07-08 23:06:46 [INFO]: Token:
2025-07-08 23:06:48 [ERROR]: GET /transactions/event/2/statistics: 
Invalid `prisma.$queryRawUnsafe()` invocation:


Your raw query had an incorrect number of parameters. Expected: `1`, actual: `0`. {"code":"P1016","meta":{"expected":1,"actual":0},"clientVersion":"6.10.1","name":"PrismaClientKnownRequestError"}
2025-07-08 23:06:50 [INFO]: Token:
2025-07-08 23:06:52 [ERROR]: GET /transactions/event/2/statistics: 
Invalid `prisma.$queryRawUnsafe()` invocation:


Your raw query had an incorrect number of parameters. Expected: `1`, actual: `0`. {"code":"P1016","meta":{"expected":1,"actual":0},"clientVersion":"6.10.1","name":"PrismaClientKnownRequestError"}
2025-07-08 23:12:42 [INFO]: Token:
2025-07-08 23:12:46 [ERROR]: GET /transactions/event/2/statistics: 
Invalid `prisma.$queryRawUnsafe()` invocation:


Raw query failed. Code: `42703`. Message: `column "month" does not exist` {"code":"P2010","meta":{"code":"42703","message":"column \"month\" does not exist"},"clientVersion":"6.10.1","name":"PrismaClientKnownRequestError"}
2025-07-08 23:16:57 [INFO]: Token:
2025-07-08 23:17:02 [ERROR]: GET /transactions/event/2/statistics: Do not know how to serialize a BigInt {}
2025-07-08 23:17:41 [INFO]: Token:
2025-07-08 23:17:44 [ERROR]: GET /transactions/event/2/statistics: 
Invalid `prisma.$queryRawUnsafe()` invocation:


Raw query failed. Code: `42703`. Message: `column "month" does not exist` {"code":"P2010","meta":{"code":"42703","message":"column \"month\" does not exist"},"clientVersion":"6.10.1","name":"PrismaClientKnownRequestError"}
2025-07-08 23:21:59 [INFO]: Token:
2025-07-08 23:22:03 [ERROR]: GET /transactions/event/2/statistics: Do not know how to serialize a BigInt {}
2025-07-08 23:26:59 [INFO]: Token:
2025-07-08 23:27:04 [ERROR]: GET /transactions/event/2/statistics: Do not know how to serialize a BigInt {}
2025-07-08 23:32:52 [INFO]: Token:
>>>>>>> statistic_update
2025-07-09 09:33:03 [INFO]: Token:
2025-07-09 10:03:10 [ERROR]: GET /transactions/3: Authorization header missing or invalid {"statusCode":401,"success":false,"message":"Authorization header missing or invalid"}
2025-07-09 10:03:28 [INFO]: Token:
2025-07-09 10:03:29 [ERROR]: GET /transactions/3: 
Invalid `prisma.transaction.findUnique()` invocation in
/Users/kjoshhh/Desktop/Desktop/Design/Purwadhika/JCWDOL/EVENT_MINIPROJECT/BE-MINI-PROJECTS/src/repositories/transaction.repositori.ts:77:31

  74 }
  75 
  76 export const findTransactionById = async (id: number) => {
→ 77     return prisma.transaction.findUnique({
           where: {
         +   id: Int
           },
           select: {
             id: true,
             ticketId: true,
             ticketQuantity: true,
             status: true,
             event: {
               select: {
                 id: true,
                 organizerId: true
               }
             },
             user: {
               select: {
                 id: true,
                 email: true
               }
             }
           }
         })

Argument `id` is missing. {"name":"PrismaClientValidationError","clientVersion":"6.10.1"}
2025-07-09 10:03:30 [INFO]: Token:
2025-07-09 10:03:30 [ERROR]: GET /transactions/3: 
Invalid `prisma.transaction.findUnique()` invocation in
/Users/kjoshhh/Desktop/Desktop/Design/Purwadhika/JCWDOL/EVENT_MINIPROJECT/BE-MINI-PROJECTS/src/repositories/transaction.repositori.ts:77:31

  74 }
  75 
  76 export const findTransactionById = async (id: number) => {
→ 77     return prisma.transaction.findUnique({
           where: {
         +   id: Int
           },
           select: {
             id: true,
             ticketId: true,
             ticketQuantity: true,
             status: true,
             event: {
               select: {
                 id: true,
                 organizerId: true
               }
             },
             user: {
               select: {
                 id: true,
                 email: true
               }
             }
           }
         })

Argument `id` is missing. {"name":"PrismaClientValidationError","clientVersion":"6.10.1"}
2025-07-09 10:05:56 [INFO]: Token:
2025-07-09 10:05:56 [ERROR]: GET /transactions/3: 
Invalid `prisma.transaction.findUnique()` invocation in
/Users/kjoshhh/Desktop/Desktop/Design/Purwadhika/JCWDOL/EVENT_MINIPROJECT/BE-MINI-PROJECTS/src/repositories/transaction.repositori.ts:77:31

  74 }
  75 
  76 export const findTransactionById = async (id: number) => {
→ 77     return prisma.transaction.findUnique({
           where: {
         +   id: Int
           },
           select: {
             id: true,
             ticketId: true,
             ticketQuantity: true,
             status: true,
             event: {
               select: {
                 id: true,
                 organizerId: true
               }
             },
             user: {
               select: {
                 id: true,
                 email: true
               }
             }
           }
         })

Argument `id` is missing. {"name":"PrismaClientValidationError","clientVersion":"6.10.1"}
2025-07-09 10:06:37 [INFO]: Token:
2025-07-09 10:08:44 [INFO]: Token:
2025-07-09 10:09:03 [INFO]: Token:
2025-07-09 10:09:14 [INFO]: Token:
2025-07-09 10:10:18 [INFO]: Token:
2025-07-09 10:14:46 [INFO]: Token:
2025-07-09 10:15:36 [INFO]: Token:
2025-07-09 10:15:43 [INFO]: Token:
2025-07-09 10:18:43 [INFO]: Token:
2025-07-09 10:32:44 [INFO]: Token:
2025-07-09 10:34:43 [INFO]: Token:
2025-07-09 10:36:11 [INFO]: Token:
2025-07-09 10:37:16 [INFO]: Token:
2025-07-09 10:37:41 [INFO]: Token:
2025-07-09 10:54:17 [INFO]: Token:
2025-07-09 10:56:57 [INFO]: Token:
2025-07-09 10:57:14 [INFO]: Token:
2025-07-09 13:46:49 [INFO]: Token:
2025-07-09 13:46:49 [ERROR]: POST /vouchers: Cannot destructure property 'eventId' of 'req.body' as it is undefined. {}
2025-07-09 13:49:32 [INFO]: Token:
2025-07-09 13:51:55 [INFO]: Token:
2025-07-09 13:51:55 [ERROR]: POST /vouchers/1: Cannot destructure property 'eventId' of 'req.body' as it is undefined. {}
2025-07-09 13:51:56 [INFO]: Token:
2025-07-09 13:51:56 [ERROR]: POST /vouchers/1: Cannot destructure property 'eventId' of 'req.body' as it is undefined. {}
2025-07-09 13:52:49 [INFO]: Token:
2025-07-09 13:52:49 [ERROR]: POST /vouchers: Cannot destructure property 'eventId' of 'req.body' as it is undefined. {}
2025-07-09 13:52:50 [INFO]: Token:
2025-07-09 13:52:50 [ERROR]: POST /vouchers: Cannot destructure property 'eventId' of 'req.body' as it is undefined. {}
2025-07-09 13:52:51 [INFO]: Token:
2025-07-09 13:52:51 [ERROR]: POST /vouchers: Cannot destructure property 'eventId' of 'req.body' as it is undefined. {}
2025-07-09 17:24:53 [ERROR]: POST /auth/login: Email not registered {"statusCode":404,"success":false,"message":"Email not registered"}
2025-07-09 17:26:19 [INFO]: Token:
2025-07-09 17:26:46 [INFO]: Token:
2025-07-09 17:27:47 [INFO]: Token:
2025-07-09 17:28:03 [INFO]: Token:
2025-07-09 17:28:22 [ERROR]: POST /event/create-event: Unexpected non-whitespace character after JSON at position 521 (line 27 column 1) {"expose":true,"statusCode":400,"status":400,"body":"{\n  \"title\": \"Maroon 5\",\n  \"description\": \"Live in Asia 2025\",\n  \"thumbnail\": \"https://example.com/maroon5-thumbnail.jpg\",\n  \"category\": \"CONCERT\",\n  \"location\": \"Bali\",\n  \"salesStart\": \"2025-07-15T10:00:00.000Z\",\n  \"salesEnd\": \"2025-07-30T22:00:00.000Z\",\n  \"tickets\": [\n    {\n      \"name\": \"Meet & Greet\",\n      \"price\": 5000000,\n      \"quota\": 50\n    },\n    {\n      \"name\": \"VIP\",\n      \"price\": 2500000,\n      \"quota\": 200\n    },\n    {\n      \"name\": \"Festival\",\n      \"price\": 1000000,\n      \"quota\": 1000\n    }\n  ]\n}\n🎸 Dummy 4\njson\nCopy code\n{\n  \"title\": \"Ed Sheeran\",\n  \"description\": \"Mathematics Tour\",\n  \"thumbnail\": \"https://example.com/edsheeran-thumbnail.jpg\",\n  \"category\": \"CONCERT\",\n  \"location\": \"Surabaya\",\n  \"salesStart\": \"2025-10-01T09:00:00.000Z\",\n  \"salesEnd\": \"2025-10-15T21:00:00.000Z\",\n  \"tickets\": [\n    {\n      \"name\": \"VIP Lounge\",\n      \"price\": 3000000,\n      \"quota\": 120\n    },\n    {\n      \"name\": \"Premium Seat\",\n      \"price\": 1800000,\n      \"quota\": 400\n    },\n    {\n      \"name\": \"Regular Seat\",\n      \"price\": 900000,\n      \"quota\": 700\n    }\n  ]\n}","type":"entity.parse.failed"}
2025-07-09 17:28:39 [INFO]: Token:
2025-07-09 17:29:17 [INFO]: Token:
2025-07-09 17:29:35 [INFO]: Token:
2025-07-09 17:39:19 [ERROR]: GET /event/public: 
Invalid `prisma.event.findMany()` invocation in
/Users/kjoshhh/Desktop/Desktop/Design/Purwadhika/JCWDOL/EVENT_MINIPROJECT/BE-MINI-PROJECTS/src/services/event.service.ts:42:25

  39     whereClause.location = {contains: filters.location, mode: "insensitive "};
  40 }
  41 
→ 42 return prisma.event.findMany({
       where: {
         location: {
           contains: "Kuala Lumpur",
           mode: "insensitive "
                 ~~~~~~~~~~~~~~
         }
       },
       orderBy: {
         createdAt: "desc"
       },
       select: {
         id: true,
         title: true,
         description: true,
         thumbnail: true,
         category: true,
         location: true,
         createdAt: true
       }
     })

Invalid value for argument `mode`. Expected QueryMode. {"name":"PrismaClientValidationError","clientVersion":"6.10.1"}
2025-07-09 17:39:40 [ERROR]: GET /event/public: 
Invalid `prisma.event.findMany()` invocation in
/Users/kjoshhh/Desktop/Desktop/Design/Purwadhika/JCWDOL/EVENT_MINIPROJECT/BE-MINI-PROJECTS/src/services/event.service.ts:42:25

  39     whereClause.location = {contains: filters.location, mode: "insensitive "};
  40 }
  41 
→ 42 return prisma.event.findMany({
       where: {
         location: {
           contains: "Jakarta",
           mode: "insensitive "
                 ~~~~~~~~~~~~~~
         }
       },
       orderBy: {
         createdAt: "desc"
       },
       select: {
         id: true,
         title: true,
         description: true,
         thumbnail: true,
         category: true,
         location: true,
         createdAt: true
       }
     })

Invalid value for argument `mode`. Expected QueryMode. {"name":"PrismaClientValidationError","clientVersion":"6.10.1"}
2025-07-09 17:39:41 [ERROR]: GET /event/public: 
Invalid `prisma.event.findMany()` invocation in
/Users/kjoshhh/Desktop/Desktop/Design/Purwadhika/JCWDOL/EVENT_MINIPROJECT/BE-MINI-PROJECTS/src/services/event.service.ts:42:25

  39     whereClause.location = {contains: filters.location, mode: "insensitive "};
  40 }
  41 
→ 42 return prisma.event.findMany({
       where: {
         location: {
           contains: "Jakarta",
           mode: "insensitive "
                 ~~~~~~~~~~~~~~
         }
       },
       orderBy: {
         createdAt: "desc"
       },
       select: {
         id: true,
         title: true,
         description: true,
         thumbnail: true,
         category: true,
         location: true,
         createdAt: true
       }
     })

Invalid value for argument `mode`. Expected QueryMode. {"name":"PrismaClientValidationError","clientVersion":"6.10.1"}
2025-07-09 17:39:42 [ERROR]: GET /event/public: 
Invalid `prisma.event.findMany()` invocation in
/Users/kjoshhh/Desktop/Desktop/Design/Purwadhika/JCWDOL/EVENT_MINIPROJECT/BE-MINI-PROJECTS/src/services/event.service.ts:42:25

  39     whereClause.location = {contains: filters.location, mode: "insensitive "};
  40 }
  41 
→ 42 return prisma.event.findMany({
       where: {
         location: {
           contains: "Jakarta",
           mode: "insensitive "
                 ~~~~~~~~~~~~~~
         }
       },
       orderBy: {
         createdAt: "desc"
       },
       select: {
         id: true,
         title: true,
         description: true,
         thumbnail: true,
         category: true,
         location: true,
         createdAt: true
       }
     })

Invalid value for argument `mode`. Expected QueryMode. {"name":"PrismaClientValidationError","clientVersion":"6.10.1"}
2025-07-09 17:39:42 [ERROR]: GET /event/public: 
Invalid `prisma.event.findMany()` invocation in
/Users/kjoshhh/Desktop/Desktop/Design/Purwadhika/JCWDOL/EVENT_MINIPROJECT/BE-MINI-PROJECTS/src/services/event.service.ts:42:25

  39     whereClause.location = {contains: filters.location, mode: "insensitive "};
  40 }
  41 
→ 42 return prisma.event.findMany({
       where: {
         location: {
           contains: "Jakarta",
           mode: "insensitive "
                 ~~~~~~~~~~~~~~
         }
       },
       orderBy: {
         createdAt: "desc"
       },
       select: {
         id: true,
         title: true,
         description: true,
         thumbnail: true,
         category: true,
         location: true,
         createdAt: true
       }
     })

Invalid value for argument `mode`. Expected QueryMode. {"name":"PrismaClientValidationError","clientVersion":"6.10.1"}
2025-07-09 19:55:04 [ERROR]: GET /auth/verify/143b136dc179e837395ffb1b729a9dc089b8565aaa6e8b1e: Invalid or expired token {"statusCode":404,"success":false,"message":"Invalid or expired token"}
2025-07-09 20:20:19 [ERROR]: POST /auth/regis: User already exist {"statusCode":400,"success":false,"message":"User already exist"}
2025-07-09 20:31:23 [ERROR]: POST /auth/regis: User already exist {"statusCode":400,"success":false,"message":"User already exist"}
2025-07-09 20:32:09 [ERROR]: POST /auth/regis: User already exist {"statusCode":400,"success":false,"message":"User already exist"}
2025-07-09 20:32:16 [ERROR]: POST /auth/regis: User already exist {"statusCode":400,"success":false,"message":"User already exist"}
2025-07-09 20:33:10 [ERROR]: POST /auth/regis: User already exist {"statusCode":400,"success":false,"message":"User already exist"}
2025-07-09 20:34:40 [ERROR]: POST /auth/regis: User already exist {"statusCode":400,"success":false,"message":"User already exist"}
2025-07-09 20:38:11 [ERROR]: POST /auth/regis: User already exist {"statusCode":400,"success":false,"message":"User already exist"}
2025-07-09 20:45:58 [ERROR]: POST /auth/login: Email not verify, please verify first {"statusCode":401,"success":false,"message":"Email not verify, please verify first"}
2025-07-09 20:46:35 [ERROR]: POST /auth/regis: User already exist {"statusCode":400,"success":false,"message":"User already exist"}
2025-07-09 18:41:32 [ERROR]: POST /auth/regis: User already exist {"statusCode":400,"success":false,"message":"User already exist"}
2025-07-09 18:49:04 [INFO]: Token:
2025-07-09 18:49:04 [ERROR]: POST /vouchers: Cannot destructure property 'eventId' of 'req.body' as it is undefined. {}
2025-07-09 18:55:24 [INFO]: Token:
2025-07-10 05:11:20 [ERROR]: POST /auth/login: Expected double-quoted property name in JSON at position 93 (line 5 column 1) {"expose":true,"statusCode":400,"status":400,"body":"{ \n  \"username\": \"wevocaf137\",\n  \"email\": \"wevocaf137@fuasha.com\",\n  \"password\": \"Kevin123\",\n}","type":"entity.parse.failed"}
2025-07-10 05:11:55 [INFO]: Token:
2025-07-10 05:12:58 [INFO]: Token:
2025-07-10 05:14:54 [INFO]: Token:
2025-07-10 05:15:00 [ERROR]: POST /vouchers: 
Invalid `prisma.voucher.create()` invocation in
/Users/kjoshhh/Desktop/Desktop/Design/Purwadhika/JCWDOL/EVENT_MINIPROJECT/BE-MINI-PROJECTS/src/repositories/voucher.repository.ts:13:27

  10     endDate: Date;
  11     maxUsage: number;
  12 }) => {
→ 13     return prisma.voucher.create(
Unique constraint failed on the fields: (`code`) {"code":"P2002","meta":{"modelName":"Voucher","target":["code"]},"clientVersion":"6.10.1","name":"PrismaClientKnownRequestError"}
2025-07-10 05:15:16 [INFO]: Token:
2025-07-10 05:15:28 [INFO]: Token:
2025-07-10 05:15:31 [ERROR]: POST /vouchers: 
Invalid `prisma.voucher.create()` invocation in
/Users/kjoshhh/Desktop/Desktop/Design/Purwadhika/JCWDOL/EVENT_MINIPROJECT/BE-MINI-PROJECTS/src/repositories/voucher.repository.ts:13:27

  10     endDate: Date;
  11     maxUsage: number;
  12 }) => {
→ 13     return prisma.voucher.create(
Unique constraint failed on the fields: (`code`) {"code":"P2002","meta":{"modelName":"Voucher","target":["code"]},"clientVersion":"6.10.1","name":"PrismaClientKnownRequestError"}
2025-07-10 05:16:16 [INFO]: Token:
2025-07-10 05:32:17 [INFO]: Token:
2025-07-10 05:32:22 [ERROR]: POST /transactions/create-transaction: Invalid user or points data {"statusCode":500,"success":false,"message":"Invalid user or points data"}
2025-07-10 05:33:03 [ERROR]: POST /auth/login: Expected double-quoted property name in JSON at position 93 (line 5 column 1) {"expose":true,"statusCode":400,"status":400,"body":"{ \n  \"username\": \"terid63869\",\n  \"email\": \"terid63869@fuasha.com\",\n  \"password\": \"Kevin123\",\n}","type":"entity.parse.failed"}
2025-07-10 05:33:22 [INFO]: Token:
2025-07-10 05:33:26 [ERROR]: POST /transactions/create-transaction: Invalid user or points data {"statusCode":500,"success":false,"message":"Invalid user or points data"}
2025-07-10 05:35:16 [INFO]: Token:
2025-07-10 05:42:42 [INFO]: Token:
2025-07-10 05:43:43 [INFO]: Token:
2025-07-10 05:45:12 [INFO]: Token:
2025-07-10 05:50:52 [INFO]: Token:
2025-07-10 05:51:05 [INFO]: Token:
2025-07-10 05:53:01 [INFO]: Token:
2025-07-10 05:53:17 [INFO]: Token:
2025-07-10 05:54:12 [INFO]: Token:
2025-07-10 05:54:29 [INFO]: Token:
2025-07-10 05:54:36 [ERROR]: POST /transactions/create-transaction: Invalid user or points data {"statusCode":500,"success":false,"message":"Invalid user or points data"}
2025-07-10 06:36:52 [INFO]: Token:
2025-07-10 06:37:10 [INFO]: Token:
2025-07-10 09:28:09 [ERROR]: GET /auth/verify: Invalid or expired token {"statusCode":404,"success":false,"message":"Invalid or expired token"}
2025-07-10 11:03:35 [ERROR]: POST /auth/login: Password is wrong {"statusCode":401,"success":false,"message":"Password is wrong"}
2025-07-10 13:56:26 [ERROR]: POST /auth/login: Password is wrong {"statusCode":401,"success":false,"message":"Password is wrong"}
2025-07-10 14:19:16 [ERROR]: POST /auth/login: Password is wrong {"statusCode":401,"success":false,"message":"Password is wrong"}
2025-07-10 14:19:22 [ERROR]: POST /auth/login: Password is wrong {"statusCode":401,"success":false,"message":"Password is wrong"}
2025-07-10 14:19:29 [ERROR]: POST /auth/login: Password is wrong {"statusCode":401,"success":false,"message":"Password is wrong"}
2025-07-10 14:19:33 [ERROR]: POST /auth/login: Password is wrong {"statusCode":401,"success":false,"message":"Password is wrong"}
2025-07-10 14:19:36 [ERROR]: POST /auth/login: Password is wrong {"statusCode":401,"success":false,"message":"Password is wrong"}
2025-07-10 14:19:54 [ERROR]: POST /auth/login: Password is wrong {"statusCode":401,"success":false,"message":"Password is wrong"}
2025-07-10 14:20:03 [ERROR]: POST /auth/login: Password is wrong {"statusCode":401,"success":false,"message":"Password is wrong"}
2025-07-10 16:05:39 [ERROR]: POST /auth/login: Password is wrong {"statusCode":401,"success":false,"message":"Password is wrong"}
2025-07-10 18:04:23 [INFO]: Token:
2025-07-10 18:04:49 [INFO]: Token:
<<<<<<< HEAD
2025-07-12 06:33:05 [INFO]: Token:
2025-07-12 06:35:23 [INFO]: Token:
2025-07-12 06:35:23 [ERROR]: POST /event/create-event: Description must be between 10 and 300 characters {"statusCode":400,"success":false,"message":"Description must be between 10 and 300 characters"}
2025-07-12 06:35:33 [INFO]: Token:
=======
2025-07-10 18:16:38 [INFO]: Token:
2025-07-10 18:16:45 [INFO]: Token:
2025-07-10 18:17:27 [INFO]: Token:
2025-07-10 18:22:34 [INFO]: Token:
2025-07-10 18:22:43 [INFO]: Token:
2025-07-10 18:23:43 [INFO]: Token:
2025-07-10 18:33:51 [INFO]: Token:
2025-07-10 19:10:44 [INFO]: Token:
2025-07-10 19:10:58 [INFO]: Token:
2025-07-10 19:11:54 [INFO]: Token:
2025-07-10 19:18:06 [INFO]: Token:
2025-07-10 20:06:04 [INFO]: Token:
2025-07-11 14:35:09 [INFO]: Token:
2025-07-11 14:35:18 [INFO]: Token:
2025-07-11 20:45:00 [INFO]: Token:
2025-07-11 20:46:01 [INFO]: Token:
2025-07-11 20:46:26 [INFO]: Token:
2025-07-11 20:46:29 [INFO]: Token:
2025-07-11 20:46:56 [INFO]: Token:
2025-07-11 20:47:26 [INFO]: Token:
2025-07-11 20:47:31 [INFO]: Token:
2025-07-11 20:47:51 [INFO]: Token:
2025-07-11 20:47:54 [ERROR]: PATCH /transactions/1/confirm: Unauthorized {"statusCode":403,"success":false,"message":"Unauthorized"}
2025-07-11 20:48:13 [INFO]: Token:
2025-07-11 20:48:16 [ERROR]: PATCH /transactions/1/confirm: Unauthorized {"statusCode":403,"success":false,"message":"Unauthorized"}
2025-07-11 20:49:52 [INFO]: Token:
2025-07-11 20:49:52 [ERROR]: POST /event/create-event: 
Invalid `prisma.event.create()` invocation in
/Users/macbook/Documents/NGODING/modul-purwadhika-main/03 MODUL 3 BACK END/MINI PROJECT/BE-MINI-PROJECT/src/repositories/event.repository.ts:44:25

  41 export const createEvent = async (input: CreateEventInput) => {
  42     const { organizerId, title, description, thumbnail, category, location, salesStart, salesEnd, tickets } = input;
  43 
→ 44     return prisma.event.create({
           data: {
             organizerId: 4,
             title: "Seminar Kaya cepat dengan Judol",
             description: "Acara untuk pengusaha muda.",
             thumbnail: "https://example.com/image.jpg",
             category: "EDUCATION",
             salesStart: undefined,
             salesEnd: undefined,
             tickets: {
               create: [
                 {
                   name: "Umum",
                   price: 100000,
                   quota: 100
                 }
               ]
             },
         +   location: String
           },
           include: {
             tickets: true
           }
         })

Argument `location` is missing. {"name":"PrismaClientValidationError","clientVersion":"6.10.1"}
2025-07-11 20:50:00 [INFO]: Token:
2025-07-11 20:50:00 [ERROR]: POST /event/create-event: 
Invalid `prisma.event.create()` invocation in
/Users/macbook/Documents/NGODING/modul-purwadhika-main/03 MODUL 3 BACK END/MINI PROJECT/BE-MINI-PROJECT/src/repositories/event.repository.ts:44:25

  41 export const createEvent = async (input: CreateEventInput) => {
  42     const { organizerId, title, description, thumbnail, category, location, salesStart, salesEnd, tickets } = input;
  43 
→ 44     return prisma.event.create({
           data: {
             organizerId: 4,
             title: "Seminar Kaya cepat dengan Judol",
             description: "Acara untuk pengusaha muda.",
             thumbnail: "https://example.com/image.jpg",
             category: "EDUCATION",
             salesStart: undefined,
             salesEnd: undefined,
             tickets: {
               create: [
                 {
                   name: "Umum",
                   price: 100000,
                   quota: 100
                 }
               ]
             },
         +   location: String
           },
           include: {
             tickets: true
           }
         })

Argument `location` is missing. {"name":"PrismaClientValidationError","clientVersion":"6.10.1"}
2025-07-11 20:50:21 [INFO]: Token:
2025-07-11 20:50:21 [ERROR]: POST /event/create-event: 
Invalid `prisma.event.create()` invocation in
/Users/macbook/Documents/NGODING/modul-purwadhika-main/03 MODUL 3 BACK END/MINI PROJECT/BE-MINI-PROJECT/src/repositories/event.repository.ts:44:25

  41 export const createEvent = async (input: CreateEventInput) => {
  42     const { organizerId, title, description, thumbnail, category, location, salesStart, salesEnd, tickets } = input;
  43 
→ 44     return prisma.event.create({
           data: {
             organizerId: 4,
             title: "Seminar Kaya cepat dengan Judol",
             description: "Acara untuk pengusaha muda.",
             thumbnail: "https://example.com/image.jpg",
             category: "EDUCATION",
             salesStart: undefined,
             salesEnd: undefined,
             tickets: {
               create: [
                 {
                   name: "Umum",
                   price: 100000,
                   quota: 100
                 }
               ]
             },
         +   location: String
           },
           include: {
             tickets: true
           }
         })

Argument `location` is missing. {"name":"PrismaClientValidationError","clientVersion":"6.10.1"}
2025-07-11 20:50:33 [INFO]: Token:
2025-07-11 20:50:33 [ERROR]: POST /event/create-event: 
Invalid `prisma.event.create()` invocation in
/Users/macbook/Documents/NGODING/modul-purwadhika-main/03 MODUL 3 BACK END/MINI PROJECT/BE-MINI-PROJECT/src/repositories/event.repository.ts:44:25

  41 export const createEvent = async (input: CreateEventInput) => {
  42     const { organizerId, title, description, thumbnail, category, location, salesStart, salesEnd, tickets } = input;
  43 
→ 44     return prisma.event.create({
           data: {
             organizerId: 4,
             title: "Seminar Kaya cepat dengan Bitcoin",
             description: "Acara untuk pengusaha muda.",
             thumbnail: "https://example.com/image.jpg",
             category: "EDUCATION",
             salesStart: undefined,
             salesEnd: undefined,
             tickets: {
               create: [
                 {
                   name: "Umum",
                   price: 100000,
                   quota: 100
                 }
               ]
             },
         +   location: String
           },
           include: {
             tickets: true
           }
         })

Argument `location` is missing. {"name":"PrismaClientValidationError","clientVersion":"6.10.1"}
2025-07-11 20:51:23 [INFO]: Token:
2025-07-11 20:51:39 [INFO]: Token:
2025-07-11 20:51:41 [ERROR]: PATCH /transactions/1/confirm: Unauthorized {"statusCode":403,"success":false,"message":"Unauthorized"}
2025-07-11 20:52:09 [INFO]: Token:
2025-07-11 20:52:11 [ERROR]: PATCH /transactions/1/confirm: Unauthorized {"statusCode":403,"success":false,"message":"Unauthorized"}
2025-07-11 20:54:47 [INFO]: Token:
2025-07-11 20:54:57 [INFO]: Token:
2025-07-11 21:25:15 [INFO]: Token:
>>>>>>> origin/main
